id,responsable__username,minimumStock,name,element__id,location__name
1,Vettorello,10,BOX Kit herramienta electrónica (Maletines),1,A1
2,Michalik,1,BOX Caja de pines Veneta,2,A1
3,Michalik,2,BOX Caja de respuestos Veneta,3,A1
4,Vettorello,13,BOX Protoboard,4,A1
5,Vettorello,1,BOX Estación de desoldado OK Industries (1 Manual del usuario),5,A1
6,Vettorello,1,BOX Pistola grande p/glufín,6,A1
7,Vettorello,3,BOX Sujetador de plaquetas,7,A1
8,Vettorello,3,BOX Puntas para SMD (1121-0357-P5) PACE (0490; 0357; 533),8,A1
9,Vettorello,1,BOX Perforador DREMEL Mod 395 c/maletín,9,A1
10,Vettorello,1,"BOX Cargador Rapido para AA, AAA, bateria 9V",10,A1
11,Vettorello,1,BOX Pulsera antiestática,11,A1
12,Michalik,1,BOX Switch TP-LINK TL-SF1008D + Fuente DC,12,A1
13,Vettorello,4,BOX Adaptador USB a UART D212227,13,A1
14,Vettorello,2,BOX Módulo LORA 32U4,14,A1
15,Vettorello,1,BOX Módulo GPS ublox NEO 6M + antena,15,A1
16,Vettorello,2,BOX Módulo conversor USB/UART modelo PL2303,16,A1
17,Vettorello,4,BOX Módulo conversor USB/UART modelo CP2102,17,A1
18,Vettorello,1,BOX Módulo RX AM 433 MHz (RRS3 433.92),18,A1
19,Vettorello,1,BOX Módulo RX FM 433 MHz,19,A1
20,Vettorello,1,BOX Módulo TX AM 433 MHz (RT4 433.9),20,A1
21,Vettorello,1,BOX Módulo TX FM 433 MHz,21,A1
22,Vettorello,2,BOX HT12E-Codificador serial,22,A1
23,Vettorello,1,BOX HT12D-Codificador serial,23,A1
24,Vettorello,2,BOX Módulo Rx-Tx ASK 433MHz (par),24,A1
25,Vettorello,1,BOX Filtro BIAS TEE HB-NF-PJ,25,M5
26,Vettorello,6,BOX Módulo Bluetooth modelo RN42,26,A1
27,Vettorello,12,BOX XBoard para XBee (placa entradas/salidas),27,A1
28,Vettorello,3,BOX Módulo de RF bidireccional XBee Serie 2 -,28,A1
29,Vettorello,7,BOX Módulo de RF bidireccional XBee MaxStream -,29,A1
30,Vettorello,4,BOX Módulo de RF bidireccional XBee MaxStream -,30,A1
31,Vettorello,2,BOX Módulo de RF bidireccional XBee Pro S2C,31,A1
32,Vettorello,2,BOX Estación de soldado con control de temp. Modelo ZD912,32,A1
33,Vettorello,2,BOX Motor de CC con caja de reducción IGNIS MR8-78,33,A1
34,Vettorello,2,BOX Motor de CC con caja de reducción IGNIS MR8-258,34,A1
35,Vettorello,1,BOX Celda de carga con galga extensiométrica. Carga 100 Kg.,35,A1
36,Vettorello,1,BOX Medidor de ROE y potencia de RF analógico. Modelo CN-801,36,A2
37,Vettorello,2,BOX Pinza amperométrica digital CC/CA TRUE RMS. Mod: PROTEK 307,37,A1
38,Vettorello,10,BOX Cable macho macho 180 cm p/ arduino (grises),38,A1
39,Vettorello,12,BOX Cable macho macho 50 cm p/ arduino (azules),39,A1
40,Vettorello,8,BOX Cable macho macho 30 cm p/ arduino (azules),40,A1
41,Vettorello,1,BOX Entrenador + Programador Microchip SNAP PG164100 c/cable micro USB,41,A2
42,Vettorello,1,BOX Fuente DC 12V - 9A Celsius,42,A2
43,Vettorello,1,BOX Organizador plástico con divisorios para componentes,43,A2
44,Vettorello,1,"BOX Analizador de espectro INSTEK 1GHz GSP810 c/tracking generator y demodulador
 (1 manual)",44,A2
45,Vettorello,2,BOX Atenuadores 3dB,45,A2
46,Vettorello,2,BOX Atenuadores 10dB,46,A2
47,Vettorello,1,BOX Atenuadores 30dB,47,A2
48,Vettorello,2,BOX Bloqueadores de CC,48,A2
49,Vettorello,7,BOX Cargas ficticias de 50 W 15 W,49,A2
50,Vettorello,1,BOX Puente RCL (1 Manual del usuario),50,A2
51,Vettorello,1,BOX Frecuencímetro (1 Manual del usuario),51,A2
52,Vettorello,1,BOX Trazador de curvas (1 Manual del usuario),52,A2
53,Vettorello,6,BOX Programador y Debugger MCE ICD2 Compatible MPLAB (www.mcelectronics.com.ar),53,Depósito
54,Michalik,1,BOX MPLAB PICKIT 4 + Cable Usb + Cable plano,54,A2
55,Michalik,1,BOX Placa entrenadora Intel Galileo,55,A2
56,Michalik,1,BOX Kit FRDM NXP FRDM-KL46Z,56,A2
57,Michalik,1,BOX Placa freescale FRDM-KE02Z40M,57,A2
58,Michalik,1,BOX Reostato toroidal SCRAM 100 ohm 25W,58,A2
59,Michalik,1,BOX Caja plastica con herramientas y repuestos 3D,59,A2
60,Vettorello,1,BOX Calibrador de proceso FLUKE 725,60,A2
61,Vettorello,1,BOX Analizador de estados lógicos AP01,61,A2
62,Vettorello,1,BOX Analizador de estados lógicos TA320S,62,A2
63,Vettorello,3,BOX Conversor RS232 - USB Cable USB/Serial Manhattan,63,A2
64,Vettorello,1,BOX Módulo GPS,64,A2
65,Vettorello,1,BOX Antena GPS,65,A2
66,Vettorello,2,BOX Generador de RF (AM/FM) de 100 KHZ a 150 MHz. Mod: Gw INSTEK GRG-450B,66,A2
67,Vettorello,2,BOX Generador de funciones hasta 3 MHz. Mod: Gw INSTEK GFG-8219A,67,A2
68,Vettorello,6,BOX Modem G24-L con antena,68,A2
69,Vettorello,6,BOX MCE TrackMe GPS c/antena,69,A2
70,Vettorello,6,BOX MCE Programador y debugger express,70,A2
71,Vettorello,6,BOX MCE Webserver DEV,71,A2
72,Vettorello,8,BOX Sintonizador RTL-SDR.COM + antena,72,A2
73,Vettorello,1,BOX Multimetro FLUKE 23 Series II,73,A2
74,Vettorello,1,BOX Multímetro UNIT 33 A,74,A2
75,Vettorello,1,BOX Multímetro UNIT 33 D,75,A2
76,Vettorello,1,BOX Microscopio Portable NISUTA c/ Bateria + Cargador + Cable USB + Base metálica + Cable video + CD Drivers + Paños,76,A2
77,Vettorello,15,BOX Arduino uno + cable USB A male a B male,77,A2
78,Vettorello,5,BOX Arduino Mega 2560,78,A2
79,Michalik,12,BOX Caja SHIELD ARDUINOS (entrandores 4to),79,A2
80,Michalik,50,BOX Bolsa cables Dupont Macho-Macho,80,A2
81,Michalik,50,BOX Bolsa cables Dupont Macho-Hembra,81,A2
82,Vettorello,1,BOX Medidor Temperatura FLUKE 52 K/J,82,A2
83,Vettorello,1,BOX Medidor Temperatura FLUKE 51 II,83,A2
84,Vettorello,1,BOX Pirómetro CAIPE PCT (p/termocuplas),84,A2
85,Vettorello,1,BOX Módulo Ethernet/RS232,85,A2
86,Michalik,2,BOX Módulo USB/RS232,86,A2
87,Vettorello,1,BOX Caja de herramientas c/candado 500x260x250,87,A3
88,Vettorello,19,BOX Organizador plástico con divisorios para componentes,88,C1-C5
89,Vettorello,7,BOX Teclado matricial 4x4 para Arduino,89,C3
90,Vettorello,2,BOX Desoldador a émbolo,90,Caja htas
91,Vettorello,11,BOX Alicate PRO´S KIT 8PK-101D (13+4),91,Caja htas
92,Vettorello,5,BOX Pinza de punta PRO´S KIT 8PK-102D (3+3),92,Caja htas
93,Vettorello,2,BOX Pinza de indentar (8PK312N - 6HT301A),93,Caja htas
94,Vettorello,4,BOX Pinza para crimpear RJ (mango rojo),94,Caja htas
95,Vettorello,1,BOX Pinza para crimpear RJ Pro´s Kit 808-376 I,95,Caja htas
96,Vettorello,1,BOX Pinza de indentar / pelacable - Pro´sKit (mango verde),96,Caja htas
97,Vettorello,1,BOX Pinza de indentar / pelacable - Beta 1602,97,Caja htas
98,Vettorello,1,BOX Martillo,98,Caja htas
99,Vettorello,2,BOX Kit destornilladores x6 crossmaster (amarillo),99,Caja htas
100,Vettorello,4,BOX Kit de destornilladores p/electrónica (x6),100,Caja htas
101,Vettorello,2,BOX Destornilladores puntas tork,101,Caja htas
102,Vettorello,1,BOX Juego de llaves allem milimétricas x 9 unid - Crossman,102,Caja htas
103,Vettorello,1,BOX Cinta métrica x 3 mts,103,Caja htas
104,Vettorello,1,BOX Alimentador 0/30V + Alimentador 5/12/24V (Manual del usuario),104,D7
105,Vettorello,3,BOX Fuente de alimentación c/accesorios (1 Manual del usuario),105,D7
106,Vettorello,2,"BOX Maqueta con bomba y sensores nivel, caudal, presión liquidos",106,Estante
107,Vettorello,13,BOX Banco de trabajo con dos cajones e interruptor magnetotérmico,107,Laboratorio
108,Vettorello,26,BOX Taburete giratorio con respaldar,108,Laboratorio
109,Vettorello,12,BOX Taburete fijo negro,109,Laboratorio
110,Vettorello,1,BOX Mesa de madera c/4 cajones,110,Laboratorio
111,Vettorello,2,BOX Sillas de madera,111,Laboratorio
112,Vettorello,2,BOX Sillas giratorias rojas,112,Laboratorio
113,Vettorello,1,BOX Perchero,113,Laboratorio
114,Vettorello,2,BOX Armarios metálicos doble puerta,114,Laboratorio
115,Vettorello,1,BOX Armario metálico por 6 compartimientos individuales,115,Laboratorio
116,Vettorello,2,BOX Ventilador de pared,116,Laboratorio
117,Vettorello,3,BOX AACC Surrey 4500 Frig,117,Laboratorio
118,Vettorello,1,BOX Mesa de trabajo con estante (M14),118,Laboratorio
119,Vettorello,1,BOX Proyector ViewSonic,119,Laboratorio
120,Vettorello,2,BOX Alimentador 24V (1 Manual del usuario),120,M1
121,Vettorello,2,BOX Circuitos control de temperatura y 1 Manual de prácticas,121,M1
122,Vettorello,2,"BOX Maqueta con calentador, ventilador, sensores de temperatura c/ 1
  termómetro + baina, 1 RTD, 1 THC, 1 STT, 4 resistencias de calibración",122,M1
123,Vettorello,1,BOX Circuito control de motor paso a paso c/accesorios,123,M1
124,Vettorello,1,BOX Maqueta control de motor paso a paso (1 Manual de prácticas),124,M1
125,Remedi,5,BOX Multímetro digital (1 Manual del usuario),125,M1- M5 
126,Remedi,12,BOX Soldador lapiz 40W Full Energy + soporte,126,M1-M12
127,Remedi,12,BOX Desoldador a émbolo,127,M1-M12
128,Remedi,24,BOX Juego de cable p/fuente de alimentación (1 rojo y 1 negro),128,M1-M12
129,Remedi,12,BOX Osciloscopios doble trazo de 20 MHz - LG,129,M1-M12
130,Vettorello,12,BOX Box porta módulos,130,M1-M12
131,Vettorello,12,BOX Componentes con 10 manuales de teoría y prácticas,131,M1-M12
132,Remedi,7,BOX Generador de funciones (1 Manual del usuario),132,M1-M6 y A2
133,Vettorello,2,BOX Box porta módulos (plástico),133,M2
134,Vettorello,3,BOX Box porta módulos (metálicos),134,M2
135,Vettorello,1,BOX Circuito control de posición y velocidad c/accesorios,135,M3
136,Vettorello,1,BOX Maqueta control de posición y velocidad (1 Manual de prácticas),136,M3
137,Vettorello,1,BOX Circuito control de velocidad p/motor trifásico c/accesorios,137,M3
138,Vettorello,1,BOX Maqueta control de velocidad p/motor trifásico (1 Manual de prácticas),138,M3
139,Vettorello,1,BOX Circuitos control sensor de velocidad y aceleraciones (1 Manual de prácticas),139,M3
140,Vettorello,1,"BOX Maqueta con motor CC, sensor velocidad (dinamo), sensor aceleración",140,M3
141,Remedi,1,BOX Multimetro digital (1 Manual de usuario),141,M6 
142,Vettorello,2,"BOX Circuitos control de nivel, caudal, presión liquidos (1 Manual de prácticas)",142,M4
143,Vettorello,1,"BOX Circuitos PID control de nivel, caudal, presión liquidos (1 Manual de prácticas)",143,M4
144,Vettorello,1,BOX Circuitos control de presión aire (1 Manual de prácticas),144,M4
145,Vettorello,1,BOX Maqueta con compresor y electroválvula reguladora de presión aire,145,M4
146,Vettorello,1,"BOX Sistemas control PC (1 Tarjeta para PC + 1 CD Software + 1 cable plano
  + 1 terminal de I/O A/D + 9 diskette + 3 Manuales)",146,M4
147,Vettorello,1,"BOX Circuitos acondicionamiento para sensor de posición con potenciómetro
  (1 Manual de prácticas)",147,M4
148,Vettorello,1,BOX Circuitos control para sensor de fuerza (celda de carga) (1 Manual de prácticas),148,M4
149,Vettorello,1,BOX Maqueta con celda de carga y pesos (2 de 1 Kg + 4 de 250 gr.),149,M4
150,Vettorello,1,BOX Circuitos control para sensores de proximidad (1 Manual de prácticas),150,M4
151,Vettorello,1,"BOX Maqueta con sens. de prox. inductivos lineales y On/Off, capacitivos On/Off",151,M4
152,Remedi,6,BOX Multímetro digital (1 Manual del usuario),152,M6 - M12
153,Vettorello,1,BOX Sirena 12V,153,A2
154,Remedi,6,BOX Generador de funciones (1 Manual del usuario),154,M7-M12
155,Vettorello,1,BOX Alimentador 0/30V + Alimentador 5/12/24V (Manual del usuario),155,Mesa 13 LAB 1
156,Vettorello,1,"BOX CPU Intel I3 - 3250 - 4 GB RAM + Monitor Led 18,5""+ multimedia + disco 500GB + Grabadora DVD + teclado + mouse",156,Mesa 13 LAB 1
157,Vettorello,1,BOX Parlante Bluetooth SPIKA,157,Mesa 13 LAB 1
158,Vettorello,1,BOX Perforadora de papel,158,Mesa 13 LAB 1
159,Vettorello,1,BOX Impresora Laser Brother HL-1212W,159,Mesa 13 LAB 1
160,Vettorello,1,BOX Abrochadora,160,Mesa 13 LAB 1
161,Vettorello,1,BOX Calibre,161,Mesa 13 LAB 1
162,Michalik,1,BOX Conversor USB a SD,162,Mesa 13 LAB 1
163,Vettorello,3,BOX Trinchetas,163,Mesa 13 - Caja htas
164,Vettorello,2,BOX Zapatilla multinorma,164,Mesa 14 LAB 1
165,Vettorello,12,BOX Alimentador 0/30V + Alimentador 5/12/24V (Manual del usuario),165,Mesas
166,Vettorello,12,BOX Alicate PRO´S KIT 8PK-101D + Pinza de punta PRO´S KIT 8KP-102D+juego de destornilladores x 5,166,Mesas - Cajón Herramientas
167,Vettorello,12,BOX Entrenador + Programador Microchip SNAP PG164100 c/cable micro USB,167,Mesas - Cajón Programación
168,Vettorello,12,"BOX CPU + Monitor Led 19"" + multimedia + disco + Grabadora DVD + teclado + mouse",168,Mesas 1-12
169,Vettorello,1,BOX Termocupla J (3mm - cápsula de inoxidable - 760º),169,A2
170,Vettorello,1,BOX Termocupla K (didáctica) c/cablecompensado,170,A2
171,Vettorello,3,BOX Sensor capacitivo con electrónica incorporada. ECFA,171,A2
172,Vettorello,3,BOX Sensor capacitivo con electrónica incorporada. ECFA,172,A2
173,Vettorello,1,BOX Sensor de proximidad capacitivo On/Off (diám. 30 mm) - CAP61 - Selet,173,A2
174,Vettorello,4,BOX Sensor inductivo BALLUFF Mod: BES007J,174,A2
175,Vettorello,1,BOX Sensor óptico de borrado de fondo BS4-00-5C (20 cm) (detección directa),175,A2
176,Vettorello,1,BOX Barrera reflex OCV 81CA-NPN (1m),176,A2
177,Vettorello,1,BOX Sensor optico CDR 30X,177,A2
178,Vettorello,2,BOX Sensor de llama IRD 920,178,A2
179,Vettorello,2,BOX Barrera de fibra óptica BF3RX + FT420-10 (200 mm),179,A2
180,Vettorello,1,BOX Encoder incremental ENC 1-2-1 (c/rueda) (2 pulsos/cm),180,A2
181,Vettorello,1,BOX Sensor de movimiento por ultrasonido SEMUR-5,181,A2
182,Vettorello,1,BOX Celda de carga 50 Kg - HBM,182,A2
183,Vettorello,1,BOX Celda de carga 500 Kg - HBM,183,A2
184,Vettorello,1,BOX Sensor de desplazamiento LVDT - Solartron,184,A2
185,Vettorello,1,BOX Sensor de Temp. DS18B20,185,A2
186,Vettorello,1,BOX Sensor de cauldal 0-25 l/m (F560-121),186,C2
187,Vettorello,1,BOX PT100 2 hilos - 3mm - solo elemento,187,C2
188,Vettorello,10,BOX PTC 90°,188,C2
189,Vettorello,1,BOX Sensor de humedad resistivo (F732-837),189,C2
190,Vettorello,1,BOX Sensor de humedad capacitivo c/señal acond,190,C2
191,Vettorello,1,BOX Encoder absoluto (8 bit Gray) BOURNS,191,C2
192,Vettorello,5,BOX Sensor de fuerza extensiométrica (strain gauge),192,C2
193,Vettorello,10,BOX Sensor de flujo magnético lineal UGN3503,193,C2
194,Vettorello,25,BOX Sensor de efecto Hall A1104,194,C2
195,Vettorello,1,BOX Sensor de presión diferencial MPX2200DP,195,C2
196,Vettorello,1,BOX Sensor de presión diferencial MPX2100DP,196,C2
197,Vettorello,1,BOX Sensor de presión absoluto MPX2200AP,197,C2
198,Vettorello,1,BOX Sensor de presion absoluto MPX5700AP,198,C2
199,Vettorello,1,BOX Sensor de presión MPX100P,199,C2
200,Vettorello,5,BOX Sensor de posición rotativo de 10 posiciones - FUJISOKU,200,C2
201,Córdoba,20,BOX Resistencia de 51 Ω 1/4W 1%,201,C1
202,Córdoba,10,BOX Resistencia de 100 Ω 1/4W 1%,202,C1
203,Córdoba,15,BOX Resistencia de 120 Ω al 1%,203,C1
204,Córdoba,30,BOX Resistencia de 150 Ω al 1%,204,C1
205,Córdoba,35,BOX Resistencia de 270 Ω al 1%,205,C1
206,Córdoba,20,BOX Resistencia de 330 Ω al 1%,206,C1
207,Córdoba,25,BOX Resistencia de 390 Ω al 1%,207,C1
208,Córdoba,30,BOX Resistencia de 470 Ω al 1%,208,C1
209,Córdoba,35,BOX Resistencia de 750 Ω al 1%,209,C1
210,Córdoba,30,BOX Resistencia de 1 KΩ al 1%,210,C1
211,Córdoba,40,"BOX Resistencia de 1,2 KΩ al 1%",211,C1
212,Córdoba,40,"BOX Resistencia de 1,3 KΩ al 1%",212,C1
213,Córdoba,40,"BOX Resistencia de 2,2 KΩ al 1%",213,C1
214,Córdoba,40,"BOX Resistencia de 1,4 KΩ al 1%",214,C1
215,Córdoba,9,"BOX Resistencia de 4,7 KΩ al 1%",215,C1
216,Córdoba,9,"BOX Resistencia de 5,6 KΩ al 1%",216,C1
217,Córdoba,25,BOX Resistencia de 15 KΩ al 1%,217,C1
218,Córdoba,22,BOX Resistencia de 18 KΩ al 1%,218,C1
219,Córdoba,20,BOX Resistencia de 22 KΩ al 1%,219,C1
220,Córdoba,30,BOX Resistencia de 39 KΩ al 1%,220,C1
221,Córdoba,20,BOX Resistencia de 100 KΩ al 1%,221,C1
222,Córdoba,40,BOX Resistencia de 120 KΩ al 1%,222,C1
223,Córdoba,10,BOX Resistencia de 470 KΩ al 1%,223,C1
224,Córdoba,15,BOX Resistencia de 1 MΩ al 1%,224,C1
225,Córdoba,40,BOX Resistencia de 3 MΩ al 1%,225,C1
226,Córdoba,8650,BOX Resistencias de 1/4 W - 12 valores - 7 décadas por 100 unid,226,C1
227,Córdoba,4,BOX Resistencia de baja inductancia 100 W (F643-051),227,C1
228,Córdoba,2850,BOX Resistencias de 2 W - 12 valores - 7 décadas por 50 unid,228,C1
229,Córdoba,100,BOX Resistencias SMD 470 Ω,229,C1
230,Córdoba,50,BOX Resistencias SMD 1 KΩ,230,C1
231,Córdoba,100,BOX Resistencias SMD 12 KΩ,231,C1
232,Córdoba,12,BOX Trimmer montaje verticall de 1 KΩ paso .100,232,C2
233,Córdoba,20,BOX Trimmer montaje vertical de 10 KΩ paso .100,233,C2
234,Córdoba,12,BOX Trimmer montaje vertical de 100KΩ paso .100,234,C2
235,Córdoba,12,BOX Trimmer montaje vertical de 100 Ω paso .100,235,C2
236,Córdoba,12,BOX Trimmer montaje vertical de 1MΩ paso .100,236,C2
237,Córdoba,12,BOX Trimmer montaje vertical de 2 KΩ paso .100,237,C2
238,Córdoba,12,BOX Trimmer montaje vertical de 20 KΩ paso .100,238,C2
239,Córdoba,12,BOX Trimmer montaje vertical de 200 KΩ paso .100,239,C2
240,Córdoba,12,BOX Trimmer montaje vertical de 200 Ω paso .100,240,C2
241,Córdoba,12,BOX Trimmer montaje vertical de 5 KΩ paso .100,241,C2
242,Córdoba,12,BOX Trimmer montaje vertical de 50 KΩ paso .100,242,C2
243,Córdoba,12,BOX Trimmer montaje vertical de 500 KΩ paso .100,243,C2
244,Córdoba,12,BOX Trimmer montaje vertical de 500 Ω paso .100,244,C2
245,Córdoba,5,BOX Potenciómetro de 10 KΩ (p/mont. sobre caja),245,C2
246,Córdoba,2,BOX Potenciómetro de 100 Ω (p/mont. sobre caja),246,C2
247,Córdoba,2,BOX Potenciómetro de 20 KΩ / 25 KW (p/mont. sobre caja),247,C2
248,Córdoba,2,BOX Potenciómetro de 200 Ω / 250 W (p/mont. sobre caja),248,C2
249,Córdoba,2,BOX Potenciómetro de 250 KΩ (p/mont. sobre caja),249,C2
250,Córdoba,2,"BOX Potenciómetro de 2,5 KΩ (p/mont. sobre caja)",250,C2
251,Córdoba,2,BOX Potenciómetro de 1 KΩ (p/mont. sobre caja),251,C2
252,Córdoba,2,BOX Potenciómetro de 1 MΩ (p/mont. sobre caja),252,C2
253,Córdoba,2,BOX Potenciómetro de 100 KΩ (p/mont. sobre caja),253,C2
254,Córdoba,2,BOX Potenciómetro de 5 KΩ (p/mont. sobre caja),254,C2
255,Córdoba,2,BOX Potenciómetro de 50 KΩ (p/mont. sobre caja),255,C2
256,Córdoba,2,BOX Potenciómetro de 500 KΩ (p/mont. sobre caja),256,C2
257,Córdoba,2,BOX Potenciómetro de 500 Ω (p/mont. sobre caja),257,C2
258,Córdoba,0,BOX Potenciometro lineal 20KΩ - 20 vueltas p/gabinete,258,C2
259,Córdoba,12,BOX Preset multivuelta de 1 KΩ(p/mont. sobre plaqueta),259,C2
260,Córdoba,12,BOX Preset multivuelta de 1 MΩ(p/mont. sobre plaqueta),260,C2
261,Córdoba,12,BOX Preset multivuelta de 10 KΩ (p/mont. sobre plaqueta),261,C2
262,Córdoba,12,BOX Preset multivuelta de 100 KΩ (p/mont. sobre plaqueta),262,C2
263,Córdoba,12,BOX Preset multivuelta de 100 Ω (p/mont. sobre plaqueta),263,C2
264,Córdoba,12,BOX Preset multivuelta de 2 KΩ(p/mont. sobre plaqueta),264,C2
265,Córdoba,12,BOX Preset multivuelta de 20 KΩ (p/mont. sobre plaqueta),265,C2
266,Córdoba,12,BOX Preset multivuelta de 200 KΩ(p/mont. sobre plaqueta),266,C2
267,Córdoba,12,BOX Preset multivuelta de 200 Ω (p/mont. sobre plaqueta),267,C2
268,Córdoba,12,BOX Preset multivuelta de 5 KΩ (p/mont. sobre plaqueta),268,C2
269,Córdoba,12,BOX Preset multivuelta de 50 KΩ (p/mont. sobre plaqueta),269,C2
270,Córdoba,12,BOX Preset multivuelta de 500 KΩ (p/mont. sobre plaqueta),270,C2
271,Córdoba,12,BOX Preset multivuelta de 500 Ω (p/mont. sobre plaqueta),271,C2
272,Córdoba,1,BOX Lámpara 12 V 250 mA (tipo linterna),272,C2
273,Córdoba,76,BOX 1N4005 Diodos Rectificador,273,C2
274,Córdoba,100,BOX 1N4007 Diodos Rectificador,274,C2
275,Córdoba,50,BOX 1N4148 Diodos Silicio,275,C2
276,Córdoba,20,BOX 1N5819 Diodo rectificador Schottky,276,C2
277,Córdoba,20,"BOX 1N4733 / 1N751A / 1N5231 Diodos Zener de 5,1V",277,C2
278,Córdoba,27,BOX 1N4740 / 1N758 Diodos Zener de 10V,278,C2
279,Córdoba,15,BOX 1N4742 o BZX85C12 o BZX79B12 Diodos Zener de 12V,279,C2
280,Córdoba,20,BOX 1N4743 Diodos Zener de 13V,280,C2
281,Córdoba,15,BOX 1N5822 Diodo rectificador Schottky,281,C2
282,Córdoba,10,"BOX 1N5223 Diodo Zener de 2,7V",282,C2
283,Córdoba,20,"BOX 1N4728A Diodo Zener 3,3V",283,C2
284,Córdoba,0,BOX 1N967B Diodo Zener de 18V,284,C2
285,Córdoba,5,BOX 1N5373 Diodo Zener de 68V,285,C2
286,Córdoba,26,"BOX 1N757 Diodo Zener 9,1V",286,C2
287,Córdoba,45,BOX 1N4744 Diodos Zener de 15V,287,C2
288,Córdoba,29,BOX 1N4746 Diodos Zener de 18 V,288,C2
289,Córdoba,12,BOX 1N4749 Diodos Zener de 24v,289,C2
290,Córdoba,10,BOX 1N973 Diodo Zener de 33V,290,C2
291,Córdoba,4,"BOX 1N5234 Diodo Zener de 6,2V",291,C2
292,Córdoba,10,BOX 1N5260 Diodo Zener de 43V,292,C2
293,Córdoba,25,BOX Puente rectificador W10M -1A,293,C2
294,Córdoba,4,BOX Puente rectificador KBP xxxx,294,C2
295,Córdoba,15,BOX Puente rectificador RS207,295,C2
296,Córdoba,40,BOX Diodos led 3mm amarillo,296,C2
297,Córdoba,40,BOX Diodos led 3mm rojo,297,C2
298,Córdoba,60,BOX Diodos led 3mm verde,298,C2
299,Córdoba,40,BOX Diodos led 5mm amarillo,299,C2
300,Córdoba,150,BOX Diodos led 5mm rojo,300,C2
301,Córdoba,22,BOX Diodos led 5mm verde,301,C2
302,Córdoba,40,BOX Diodos led 5mm RGB,302,C2
303,Córdoba,12,BOX Diodos led 10mm rojo,303,C2
304,Córdoba,12,BOX Diodos led 10mm blanco,304,C2
305,Córdoba,69,BOX Display 7 segmentos A-común rojo,305,C2
306,Córdoba,40,BOX Display 7 segmentos k-común rojo,306,C2
307,Córdoba,3,BOX Display 7 segmentos - 4 dígitos,307,C2
308,Córdoba,3,BOX Display 7 segmentos bloque 4 dígitos,308,C2
309,Córdoba,4,BOX Matriz Led 8x8,309,C2
310,Córdoba,8,BOX LCD de 1 líneas 16 caracteres (chico),310,C2
311,Córdoba,8,BOX LCD de 2 líneas 16 caracteres (chico),311,C2
312,Córdoba,1,BOX LCD de 2 líneas 16 caracteres (grande),312,C2
313,Córdoba,6,BOX LCD de 3 1/2 dígitos,313,C2
314,Córdoba,30,BOX LDR chico - Fotoresistencias,314,C2
315,Córdoba,30,BOX Optoacoplador 4N25,315,C2
316,Córdoba,20,BOX Sensor infrarojo CNY 70,316,C2
317,Córdoba,30,BOX Optoacoplador Doble CNY74-2,317,C2
318,Córdoba,21,BOX Optoacoplador rápido 6N136,318,C2
319,Córdoba,20,BOX Optotriac K3021P o MOC3021,319,C2
320,Córdoba,20,BOX Fotodiodo IR Rx - BPW41,320,C2
321,Córdoba,10,BOX Fotodiodo IR Tx - TSUS5402 o LD271,321,C2
322,Córdoba,4,BOX Fototransistores PT334-6C,322,C2
323,Córdoba,30,BOX BC327 PNP,323,C2
324,Córdoba,50,BOX BC337 NPN,324,C2
325,Córdoba,80,BOX BC547 Transistor NPN,325,C2
326,Córdoba,300,BOX BC557 Transistor PNP,326,C2
327,Córdoba,9,BOX BF245,327,C2
328,Córdoba,25,BOX 2N1711 Transistor NPN 1A / 1 W,328,C2
329,Córdoba,1,BOX 2N3904 NPN switching,329,C2
330,Córdoba,15,BOX 2N2646 UJT,330,C2
331,Córdoba,30,BOX IRF 520 MOSFET,331,C2
332,Córdoba,20,BOX IRF 830 MOSFET de 5 A,332,C2
333,Córdoba,24,BOX IRF 9530 MOSFET P 14A,333,C2
334,Córdoba,24,BOX BS170 MOSFET N 500mA,334,C2
335,Córdoba,24,BOX 2N7000 MOSFET N 200mA,335,C2
336,Córdoba,7,BOX IRG4BC30K IGBT,336,C2
337,Córdoba,12,BOX J310 JFET 400 mA,337,C2
338,Córdoba,2,BOX MPF102 JFET 20 mA,338,C2
339,Córdoba,10,BOX TIP 122,339,C2
340,Córdoba,10,BOX TIP 127,340,C2
341,Córdoba,20,BOX TIP 29 Transistor NPN de potencia,341,C2
342,Córdoba,20,BOX TIP 30 / TIP 32 Transistor PNP de potencia,342,C2
343,Córdoba,0,BOX TIP 31 Transistor NPN de potencia,343,C2
344,Córdoba,0,BOX KSP2222A Transistor NPN,344,C2
345,Córdoba,0,BOX MJE800 Transistor de potencia Darlington,345,C2
346,Córdoba,10,BOX MAC224,346,C2
347,Córdoba,20,BOX MAC8M TRIAC,347,C2
348,Córdoba,20,BOX DIAC DB3,348,C2
349,Córdoba,10,BOX MCR 100-6,349,C2
350,Córdoba,26,BOX C106M SCR,350,C2
351,Córdoba,12,BOX Parlantes 8Ohm,351,C2
352,Córdoba,20,BOX Buzzer (zumbador),352,C2
353,Michalik,10,BOX Micrófonos (tipo alarma),353,C2
354,Vettorello,12,BOX Núcleos ferrite toroidales bobinados,354,C2
355,Vettorello,2,BOX Trafo 220/15 V -1A (p/programador/entrenador),355,C2
356,Vettorello,2,BOX Trafo 220/15 V - 500 mA (p/proyectos),356,C2
357,Vettorello,3,"BOX Trafo 220/16,6 V -1A (p/proyectos)",357,C2
358,Vettorello,10,BOX Trafo 220/9 V - 1A,358,C2
359,Vettorello,1,"BOX Trafo 220/9+9 V - 1,4A",359,C2
360,Vettorello,1,BOX Trafo 220/12 V - 3A,360,C2
361,Vettorello,1,BOX Trafo 220/18 V - 3A,361,C2
362,Vettorello,1,BOX Trafo 220/12 V - 5A,362,C2
363,Vettorello,15,BOX Inductancias de 1 mHy,363,C3
364,Vettorello,20,BOX Inductancias de 1 mHy (CK 04),364,C3
365,Vettorello,15,"BOX Inductancias de 1,5 mHy (CK 129)",365,C3
366,Vettorello,25,"BOX Inductancias de 1,8 mHy (CK 62)",366,C3
367,Vettorello,20,BOX Inductancias de 10 mHy (CK 68),367,C3
368,Vettorello,15,BOX Inductancias de 100 mHy (CK 83) / CEC101,368,C3
369,Vettorello,20,BOX Inductancias de 15 mHy (CK 72),369,C3
370,Vettorello,15,"BOX Inductancias de 2,2 mHy (CK 60)",370,C3
371,Vettorello,20,BOX Inductancias de 22 mHy,371,C3
372,Vettorello,15,BOX Inductancias de 220 mHy,372,C3
373,Vettorello,15,"BOX Inductancias de 3,3 mHy",373,C3
374,Vettorello,20,BOX Inductancias de 33 mHy (CK 77),374,C3
375,Vettorello,15,BOX Inductancias de 330 mHy (CK 134),375,C3
376,Vettorello,20,"BOX Inductancias de 4,7 mHy (CK 20)",376,C3
377,Vettorello,15,BOX Inductancias de 47 mHy,377,C3
378,Vettorello,20,BOX Inductancias de 470 mHy (CK 91),378,C3
379,Vettorello,12,"BOX Inductancias de 0,5 mHy",379,C3
380,Michalik,1,BOX Condensadores cerámicos de 1 mF,380,C3
381,Michalik,75,BOX Condensadores cerámicos de 1 nF,381,C3
382,Michalik,2,"BOX Condensadores cerámicos de 1,2 mF",382,C3
383,Michalik,50,"BOX Condensadores cerámicos de 1,2 nF",383,C3
384,Michalik,5,"BOX Condensadores cerámicos de 1,5 mF",384,C3
385,Michalik,50,"BOX Condensadores cerámicos de 1,5 nF",385,C3
386,Michalik,5,"BOX Condensadores cerámicos de 1,8 mF",386,C3
387,Michalik,60,"BOX Condensadores cerámicos de 1,8 nF",387,C3
388,Michalik,40,BOX Condensadores cerámicos de 10 nF,388,C3
389,Michalik,80,BOX Condensadores cerámicos de 10 pF,389,C3
390,Michalik,100,BOX Condensadores cerámicos de 100 nF,390,C3
391,Michalik,80,BOX Condensadores cerámicos de 100 pF,391,C3
392,Michalik,40,BOX Condensadores cerámicos de 12 nF,392,C3
393,Michalik,40,BOX Condensadores cerámicos de 12 pF,393,C3
394,Michalik,50,BOX Condensadores cerámicos de 120 nF,394,C3
395,Michalik,40,BOX Condensadores cerámicos de 120 pF,395,C3
396,Michalik,50,BOX Condensadores cerámicos de 15 nF,396,C3
397,Michalik,60,BOX Condensadores cerámicos de 15 pF,397,C3
398,Michalik,60,BOX Condensadores cerámicos de 150 nF,398,C3
399,Michalik,50,BOX Condensadores cerámicos de 150 pF,399,C3
400,Michalik,60,"BOX Condensadores cerámicos de 1,8 nF",400,C3
401,Michalik,40,BOX Condensadores cerámicos de 18 nF,401,C3
402,Michalik,40,BOX Condensadores cerámicos de 18 pF,402,C3
403,Michalik,40,BOX Condensadores cerámicos de 180 nF,403,C3
404,Michalik,55,BOX Condensadores cerámicos de 180 pF,404,C3
405,Michalik,4,"BOX Condensadores cerámicos de 2,2 mF",405,C3
406,Michalik,50,"BOX Condensadores cerámicos de 2,2 nF",406,C3
407,Michalik,4,"BOX Condensadores cerámicos de 2,7 mF",407,C3
408,Michalik,60,"BOX Condensadores cerámicos de 2,7 nF",408,C3
409,Michalik,60,BOX Condensadores cerámicos de 22 nF,409,C3
410,Michalik,50,BOX Condensadores cerámicos de 22 pF,410,C3
411,Michalik,40,BOX Condensadores cerámicos de 220 nF,411,C3
412,Michalik,50,BOX Condensadores cerámicos de 220 pF,412,C3
413,Michalik,50,BOX Condensadores cerámicos de 27 nF,413,C3
414,Michalik,30,BOX Condensadores cerámicos de 27 pF,414,C3
415,Michalik,5,BOX Condensadores cerámicos de 270 nF,415,C3
416,Michalik,35,BOX Condensadores cerámicos de 270 pF,416,C3
417,Michalik,5,"BOX Condensadores cerámicos de 3,3 mF",417,C3
418,Michalik,30,"BOX Condensadores cerámicos de 3,3 nF",418,C3
419,Michalik,5,"BOX Condensadores cerámicos de 3,9 mF",419,C3
420,Michalik,35,"BOX Condensadores cerámicos de 3,9 nF",420,C3
421,Michalik,30,BOX Condensadores cerámicos de 33 nF,421,C3
422,Michalik,40,BOX Condensadores cerámicos de 33 pF,422,C3
423,Michalik,65,BOX Condensadores cerámicos de 330 nF,423,C3
424,Michalik,40,BOX Condensadores cerámicos de 330 pF,424,C3
425,Michalik,30,BOX Condensadores cerámicos de 39 nF,425,C3
426,Michalik,40,BOX Condensadores cerámicos de 39 pF,426,C3
427,Michalik,70,BOX Condensadores cerámicos de 390 nF,427,C3
428,Michalik,40,BOX Condensadores cerámicos de 390 pF,428,C3
429,Michalik,1,"BOX Condensadores cerámicos de 4,7 mF",429,C3
430,Michalik,55,"BOX Condensadores cerámicos de 4,7 nF",430,C3
431,Michalik,35,BOX Condensadores cerámicos de 47 nF,431,C3
432,Michalik,40,BOX Condensadores cerámicos de 47 pF,432,C3
433,Michalik,70,BOX Condensadores cerámicos de 470 nF,433,C3
434,Michalik,20,BOX Condensadores cerámicos de 470 pF,434,C3
435,Michalik,50,"BOX Condensadores cerámicos de 5,6 nF",435,C3
436,Michalik,35,BOX Condensadores cerámicos de 56 nF,436,C3
437,Michalik,40,BOX Condensadores cerámicos de 56 pF,437,C3
438,Michalik,60,BOX Condensadores cerámicos de 560 nF,438,C3
439,Michalik,40,BOX Condensadores cerámicos de 560 pF,439,C3
440,Michalik,40,"BOX Condensadores cerámicos de 6,8 nF",440,C3
441,Michalik,50,BOX Condensadores cerámicos de 68 nF,441,C3
442,Michalik,40,BOX Condensadores cerámicos de 68 pF,442,C3
443,Michalik,75,BOX Condensadores cerámicos de 680 nF,443,C3
444,Michalik,40,BOX Condensadores cerámicos de 680 pF,444,C3
445,Michalik,40,"BOX Condensadores cerámicos de 8,2 nF",445,C3
446,Michalik,35,BOX Condensadores cerámicos de 82 nF,446,C3
447,Michalik,40,BOX Condensadores cerámicos de 82 pF,447,C3
448,Michalik,25,BOX Condensadores cerámicos de 820 nF,448,C3
449,Michalik,50,BOX Condensadores cerámicos de 820 pF,449,C3
450,Michalik,25,BOX Condensadores de tantalio / varios,450,C3
451,Michalik,84,BOX Condensadores electrolíticos de 1 mF x XX,451,C3
452,Michalik,90,BOX Condensadores electrolíticos de 10 mF x XX,452,C3
453,Michalik,85,BOX Condensadores electrolíticos de 100 mF x XX,453,C3
454,Michalik,60,BOX Condensadores electrolíticos de 1000 mF x XX,454,C3
455,Michalik,46,"BOX Condensadores electrolíticos de 2,2 mF x XX",455,C3
456,Michalik,60,BOX Condensadores electrolíticos de 22 mF x XX,456,C3
457,Michalik,50,BOX Condensadores electrolíticos de 220 mF x XX,457,C3
458,Michalik,25,BOX Condensadores electrolíticos de 2200 mF x XX,458,C3
459,Michalik,35,"BOX Condensadores electrolíticos de 3,3 mF x XX",459,C3
460,Michalik,35,BOX Condensadores electrolíticos de 33 mF x XX,460,C3
461,Michalik,35,BOX Condensadores electrolíticos de 330 mF x XX,461,C3
462,Michalik,10,BOX Condensadores electrolíticos de 3300 mF x XX,462,C3
463,Michalik,65,"BOX Condensadores electrolíticos de 4,7 mF x XX",463,C3
464,Michalik,35,BOX Condensadores electrolíticos de 47 mF x XX,464,C3
465,Michalik,35,BOX Condensadores electrolíticos de 470 mF x XX,465,C3
466,Michalik,10,BOX Condensadores electrolíticos de 4700 mF x XX,466,C3
467,Vettorello,16,BOX Dipswitch x 4,467,C3
468,Vettorello,2,BOX Dip switch x6,468,C3
469,Vettorello,50,BOX Dipswitch x 8,469,C3
470,Michalik,3,BOX Final de carrera KW3-0Z (verde),470,C3
471,Vettorello,1,BOX Interruptor c/2 inversores,471,C3
472,Vettorello,23,BOX Interruptor inversor,472,C3
473,Vettorello,40,BOX Pulsadores para plaqueta (touch swith) (6x6),473,C3
474,Vettorello,10,BOX Pulsadores para plaqueta (touch swith) (10x10),474,C3
475,Vettorello,14,BOX Teclado de teclas individuales 3x4 (decimal),475,C3
476,Vettorello,2,BOX Teclado matricial 3x4 (negros c/flex),476,C3
477,Vettorello,12,BOX Teclado matricial 3x4 (negros),477,C3
478,Vettorello,3,BOX Rele de 24V,478,C4
479,Vettorello,20,BOX Relé de 12 V c/ contacto inversor,479,C4
480,Vettorello,20,BOX Relé de 12 V c/doble contacto inversor,480,C4
481,Vettorello,20,BOX Relé de 5 V c/doble contacto inversor,481,C4
482,Michalik,12,BOX L293 Controlador p/motor PaP,482,C4
483,Michalik,12,BOX L297 Controlador p/motor PaP,483,C4
484,Michalik,12,BOX L298 Driver p/motor PaP de 2 A,484,C4
485,Michalik,17,BOX ULN2804 Buffer,485,C4
486,Michalik,20,BOX ULN2803 Buffer,486,C4
487,Michalik,10,BOX ULN2003,487,C4
488,Michalik,50,BOX ULN2004,488,C4
489,Córdoba,52,BOX 4001 Compuerta CMOS (NOR),489,C4
490,Córdoba,30,BOX 4002 Compuerta CMOS (NOR),490,C4
491,Córdoba,27,BOX 4003 Compuerta CMOS (NOR),491,C4
492,Córdoba,30,BOX 4027 Flip - flop J-K,492,C4
493,Córdoba,2,BOX 4028,493,C4
494,Córdoba,40,BOX 4029 Contador,494,C4
495,Córdoba,30,BOX 4035 Registro,495,C4
496,Córdoba,2,BOX 4040 Contador 12 bits,496,C4
497,Córdoba,10,BOX 4046 PLL,497,C4
498,Córdoba,40,BOX 4047 Oscilador,498,C4
499,Córdoba,40,BOX 4049 Buffer inversor (NOT),499,C4
500,Córdoba,20,BOX 4050 Buffer no inversor (IGUALDAD),500,C4
501,Córdoba,30,BOX 4051 Multiplex / demultiplex analógico,501,C4
502,Córdoba,40,BOX 4052 Multiplex / demultiplex analógico,502,C4
503,Córdoba,30,BOX 4060 Divisor de frecuencia,503,C4
504,Córdoba,40,BOX 4070 Compuerta CMOS (EXOR),504,C4
505,Córdoba,40,BOX 4071 Compuerta CMOS (OR),505,C4
506,Córdoba,24,BOX 4076 Flip Flop D Three State,506,C4
507,Córdoba,40,BOX 4077 Compuerta CMOS (NOR-EX),507,C4
508,Córdoba,40,BOX 4081 Compuerta CMOS (AND),508,C4
509,Córdoba,0,BOX 4090,509,C4
510,Córdoba,1,BOX 4093,510,C4
511,Córdoba,10,BOX 4094 Registro 8 bits Three State,511,C4
512,Córdoba,1,BOX 4099,512,C4
513,Córdoba,26,BOX 40106 Compuerta CMOS (NOT Trigger schmith),513,C4
514,Córdoba,5,BOX 40194,514,C4
515,Córdoba,40,BOX 4511 BDC a 7 seg.,515,C4
516,Córdoba,2,BOX 4512,516,C4
517,Córdoba,10,BOX 4514 Latch 4 bits,517,C4
518,Córdoba,10,BOX 4532 Codificador de 8 a 3,518,C4
519,Córdoba,1,BOX 4541,519,C4
520,Córdoba,36,BOX 4585 Comparador,520,C4
521,Córdoba,4,BOX MC14076,521,C4
522,Córdoba,40,BOX 555 Oscilador,522,C4
523,Córdoba,2,BOX CD4028BE,523,C4
524,Córdoba,3,BOX 74AC08 Compuerta (NAND),524,C4
525,Córdoba,2,BOX 74HC00,525,C4
526,Córdoba,30,BOX 74HC02,526,C4
527,Córdoba,2,BOX 74HC10,527,C4
528,Córdoba,20,BOX 74HC125,528,C4
529,Córdoba,30,BOX 74HC138 (Decodificador/Demultiplexor 3 a 8),529,C4
530,Córdoba,30,BOX 74HC174 Flip - flop D,530,C4
531,Córdoba,1,BOX 74HC139,531,C4
532,Córdoba,1,BOX 74HC1373,532,C4
533,Córdoba,3,BOX 74HC244 Buffer 8 líneas - 3 state,533,C4
534,Córdoba,30,BOX 74HC245 Latch bidireccional,534,C4
535,Córdoba,30,"BOX 74HC573 (Latch ""D"" de 3 estados Octal)",535,C4
536,Córdoba,0,BOX 74HC595,536,C4
537,Córdoba,40,BOX 74HCT04N Not,537,C4
538,Córdoba,19,BOX 74LS05 (NOT c/colector abierto),538,C4
539,Córdoba,30,BOX 74LS08 (AND de 2 entradas),539,C4
540,Córdoba,12,BOX 74LS138,540,C4
541,Córdoba,40,BOX 74LS148 Codificador de 8 a 3,541,C4
542,Córdoba,2,BOX UM3750 codificador/decodificador programable,542,C4
543,Córdoba,1,BOX 74LS373,543,C4
544,Córdoba,3,BOX 24LC02 - Memoria EEPROM serial I2C,544,C4
545,Córdoba,25,BOX TL494 - Controlador PWM,545,C4
546,Córdoba,12,BOX 27C512 - Memoria EPROM de 64Kx8,546,C4
547,Córdoba,4,BOX 93C46 EEPROM Serial,547,C4
548,Córdoba,30,BOX HM6116 RAM 2K x 8 estatica,548,C4
549,Córdoba,7,BOX MCM6256 128K x 8 RAM estatica,549,C4
550,Córdoba,8,BOX HY51C1000LS memoria CMOS,550,C4
551,Córdoba,16,BOX MCM14256 RAM CMOS,551,C4
552,Córdoba,20,BOX LH21256 RAM (256x1),552,C4
553,Córdoba,12,BOX ADC0804 Conversor analógico digital,553,C4
554,Córdoba,12,BOX DAC0808 Conversor digital analógico,554,C4
555,Córdoba,20,BOX Gal reprogramable 16V8 PDIP,555,C4
556,Córdoba,6,BOX PIC 12F675,556,C4
557,Córdoba,6,BOX PIC 12F629,557,C4
558,Córdoba,0,BOX PIC 16C54,558,C4
559,Córdoba,0,BOX PIC 16C58,559,C4
560,Córdoba,15,BOX PIC 16F628,560,C4
561,Córdoba,0,BOX PIC 16F877,561,C4
562,Córdoba,12,BOX PIC 16F819,562,C4
563,Córdoba,12,BOX PIC 16F886,563,C4
564,Córdoba,12,BOX PIC 16F887,564,C4
565,Córdoba,0,BOX PIC 18F452,565,C4
566,Córdoba,0,BOX PIC 18F4520,566,C4
567,Córdoba,24,BOX PIC16F1507,567,C4
568,Córdoba,24,BOX PIC16F1519,568,C4
569,Córdoba,0,BOX MC68HC705,569,C4
570,Córdoba,0,BOX MC68HC908,570,C4
571,Córdoba,0,BOX MC908QB8MPE,571,C4
572,Córdoba,0,"BOX Cristal de 3,58Mhz",572,C4
573,Córdoba,50,BOX Cristal de 4 MHz,573,C4
574,Córdoba,15,BOX Cristal de 8 MHz,574,C4
575,Córdoba,0,"BOX Cristal de 9,803 MHz",575,C4
576,Córdoba,0,BOX Cristal de 12 MHz,576,C4
577,Córdoba,0,"BOX Cristal de 14,31818 MHz",577,C4
578,Córdoba,15,BOX Cristal de 20 MHz,578,C4
579,Córdoba,46,BOX Zócalos de 14,579,C4
580,Córdoba,16,BOX Zócalos de 16,580,C4
581,Córdoba,12,BOX Zócalos de 18,581,C4
582,Córdoba,44,BOX Zócalos de 20,582,C4
583,Córdoba,10,BOX Zócalos de 28 anchos,583,C4
584,Córdoba,30,BOX Zócalos de 28 fino,584,C4
585,Córdoba,50,BOX Zócalos de 32,585,C4
586,Córdoba,27,BOX Zócalos de 40,586,C4
587,Córdoba,25,BOX Zócalos de 6,587,C4
588,Córdoba,21,BOX Zócalos de 8,588,C4
589,Córdoba,15,BOX Zócalos PDIP 18 (patas largas),589,C4
590,Córdoba,2,BOX Zocalo Zif DIP40,590,C4
591,Córdoba,15,BOX MAX 232 (ST232CN),591,C4
592,Córdoba,30,BOX 75176 (RS485),592,C4
593,Córdoba,26,BOX MC1496 Modulador/Demodulador Balanceado,593,C4
594,Córdoba,10,BOX LM567 Decodificador de tono,594,C4
595,Córdoba,4,BOX Cm8870 (codificador DTMF),595,C4
596,Córdoba,0,BOX MC145436 (decodificador DTMF),596,C4
597,Córdoba,10,BOX VCR OD391K - Varistor,597,C2
598,Córdoba,1,BOX DC/DC Conveter 12V-9V,598,C2
599,Córdoba,7,BOX DC/DC Conveter 5V-9V,599,C2
600,Córdoba,20,BOX MC34166T Regulador Switching,600,C4
601,Córdoba,25,BOX MC34063 Regulador Switching,601,C4
602,Córdoba,36,BOX LM 431 Reg. de tensión ajustable,602,C4
603,Córdoba,55,BOX 7805 Reg. de tensión,603,C4
604,Córdoba,14,BOX 7808 Reg. de tensión,604,C4
605,Córdoba,50,BOX 7812 Reg. de tensión TO220,605,C4
606,Córdoba,10,BOX 7815 Reg. de tensión,606,C4
607,Córdoba,35,BOX 7824 Reg. de tensión,607,C4
608,Córdoba,20,BOX 78L05 Reg. de tensión (500 mA) TO92,608,C4
609,Córdoba,26,BOX 78L08 Reg. de tensión (500 mA) TO92,609,C4
610,Córdoba,15,BOX 7905 Reg. de tensión,610,C4
611,Córdoba,15,BOX 7908 Reg. de tensión,611,C4
612,Córdoba,15,BOX 7912 Reg. de tensión,612,C4
613,Córdoba,12,BOX 7915 Reg. de tensión,613,C4
614,Córdoba,15,BOX 7924 Reg. de tensión,614,C4
615,Córdoba,19,"BOX LM 317 Reg. de Tensión de 1,2V a 37V - TO 220",615,C4
616,Córdoba,25,"BOX LM 337 Reg. Negativo -1,2V a -37V - TO 220",616,C4
617,Córdoba,15,BOX LM2596-ADJ/5V Reg. Switching,617,C4
618,Córdoba,30,BOX LM 35 Sensor de temperatura,618,C2
619,Córdoba,0,BOX LF 347,619,C4
620,Córdoba,50,BOX LM 324 Amp. Op. Cuádruple,620,C4
621,Córdoba,29,BOX LM 358 Amp. Op. Doble,621,C4
622,Córdoba,20,BOX LM 741 Amp. Op.,622,C4
623,Córdoba,24,BOX TL082 Amp. Op. JFET Doble,623,C4
624,Córdoba,24,BOX TL084 Amp. Op. JFET Cuádruple,624,C4
625,Córdoba,25,BOX LM385,625,C4
626,Córdoba,4,BOX LM339,626,C4
627,Córdoba,44,BOX LM 386 Amp. de audio,627,C4
628,Córdoba,10,BOX MC 33202 P AO rail to rail,628,C4
629,Córdoba,0,BOX LM 311 Comparador,629,C4
630,Córdoba,7,BOX LF 356 N,630,C4
631,Córdoba,3,BOX Conector DB25 macho c/tapas,631,C4
632,Córdoba,6,BOX Conector DB9 hembra/con tapa,632,C4
633,Córdoba,3,BOX Conector DB9 macho/con tapa,633,C4
634,Córdoba,5,BOX Tapa DB25,634,C4
635,Michalik,200,"BOX Borneras de 2 entrada p/plaqueta 5,08 mm",635,M5
636,Michalik,25,"BOX Borneras de 3 entrada p/plaqueta 5,08 mm",636,M5
637,Córdoba,10,BOX Cocodrilos chicos rojos,637,M5
638,Córdoba,10,BOX Cocodrilos chicos negros,638,M5
639,Córdoba,1,BOX Conector adaptador de tipo N a BNC hembra,639,M5
640,Córdoba,10,BOX Conector BNC macho con tornillo,640,M5
641,Córdoba,81,BOX Conector BNC macho para indentar,641,M5
642,Córdoba,0,BOX Conector BNC en T macho/hembra/hembra,642,M5
643,Córdoba,0,BOX Conector DB25 macho p/chasis,643,M5
644,Córdoba,0,BOX Conector DB25 macho p/placa,644,M5
645,Córdoba,5,BOX Conector DB9 Hembra p/chasis,645,M5
646,Córdoba,12,BOX Conector DB9 Macho p/chasis,646,M5
647,Córdoba,3,BOX Conector DB15 Hembra p/chasis,647,M5
648,Córdoba,5,BOX Conector DB9 hembra p/plaqueta,648,M5
649,Córdoba,5,BOX Conector DB9 macho p/plaqueta,649,M5
650,Córdoba,5,BOX Conector USB tipo B hembra para placa,650,M5
651,Córdoba,10,BOX Conector hembra p/cable plano de 40 pines (20 x 2) IDC,651,M5
652,Córdoba,30,BOX Conector IDC de 10 pines hembra p/cable plano,652,M5
653,Córdoba,20,BOX Conector IDC de 16 pines hembra p/cable plano,653,M5
654,Córdoba,15,BOX Conector IDC de 20 pines hembra p/cable plano,654,M5
655,Córdoba,6,BOX Conector IDC de 40 pines macho p/placa (20 x 2) disco duro,655,M5
656,Córdoba,0,BOX Conector IDC de 10 pines macho p/placa (5x2),656,M5
657,Córdoba,0,BOX Conector IDC de 14 pines macho p/placa (7x2),657,M5
658,Córdoba,0,BOX Conector IDC de 26 pines macho p/placa (13x2),658,M5
659,Córdoba,50,BOX conector RJ11 hembra 90º,659,M5
660,Córdoba,30,BOX conector RJ11 macho,660,M5
661,Córdoba,50,BOX conector RJ45 macho (p/ crimpear),661,M5
662,Córdoba,37,BOX Conector RJ45 90º hembra p/placa,662,M5
663,Córdoba,10,BOX Ficha banana pin fino (rojas y negras) / varias,663,M5
664,Córdoba,10,BOX Ficha banana pin grueso (rojas y negras) / varias,664,M5
665,Córdoba,5,BOX Conector hembra para armar x 40 (tira) paso 2.54mm,665,M5
666,Córdoba,5,BOX Pines hembra para conector x 40 pines (tira) paso 2.54mm,666,M5
667,Córdoba,25,BOX Pines para plaqueta macho (tira de 40) paso 2.54mm,667,M5
668,Córdoba,20,BOX Pines para plaqueta macho a 90º (tira de 40) paso 2.54mm,668,M5
669,Córdoba,10,BOX Pines para plaqueta macho (tira de 2x40-2x50) paso 2.54mm,669,M5
670,Michalik,5,BOX DB9 Completo,670,M5
671,Córdoba,20,BOX Aisladores de silicona p/TO220,671,M5
672,Córdoba,50,BOX Aisladores de mica p/ TO220,672,M5
673,Córdoba,20,BOX Aisladores de tornillos p/TO220,673,M5
674,Córdoba,30,BOX Fusibles 100mA - 250V (20 X 5) - Puente RLC,674,M5
675,Córdoba,150,BOX Fusibles 200/250mA - 250V (20 X 5) - Frecuen. - Gen. de función,675,M5
676,Córdoba,150,"BOX Fusibles 500mA - 250V (20 X 5) - Fuente de alim. 24+24V-0,5A",676,M5
677,Córdoba,10,BOX Fusibles 750mA - 250V (20 X 5),677,M5
678,Córdoba,20,BOX Fusibles 1A - 250V (20 X 5) - Estación de desoldado / Soldadores,678,M5
679,Córdoba,0,"BOX Fusibles 1,5 A - 250V (20 X 5)",679,M5
680,Córdoba,50,BOX Fusibles 2A - 250V (20 X 5) - Tester + Fuente de alim. 0-30V,680,M5
681,Córdoba,0,BOX Fusibles 3A - 250V (20 X 5),681,M5
682,Córdoba,30,BOX Fusibles 4A - 250V (20 X 5),682,M5
683,Córdoba,25,BOX Fusibles 5A - 250V (20 X 5),683,M5
684,Córdoba,50,BOX Fusibles 6A - 250V (20 X 5) - Fuente de alim. 24V-5A,684,M5
685,Córdoba,1,BOX Fusibles 10A - 250V (20 X 5),685,M5
686,Córdoba,70,BOX Portafusibles patas H paracircuito impreso,686,M5
687,Córdoba,3,BOX Portafusibles de 20 mm para gabinete (con rosca),687,M5
688,Córdoba,3,BOX Portafusibles de 20 mm para placa con tapa,688,M5
689,Michalik,5,BOX Fusible térmico,689,M5
690,Córdoba,2,BOX Perillas,690,M5
691,Córdoba,12,BOX Cooler 12v,691,C2
692,Córdoba,18,BOX Motores de CC,692,D13
693,Michalik,10,BOX Cable plano x 14 hilos x metro,693,D14
694,Michalik,10,BOX Cable plano x 20 hilos x metro,694,D14
695,Michalik,10,BOX Cablo plano x 26 hilos x metro,695,D14
696,Michalik,1,"BOX Cable unipolar azul x 2,5mm2 x 100m",696,C5
697,Michalik,1,"BOX Cable unipolar rojo x 2,5mm2 x 100m",697,C5
698,Michalik,1,"BOX Cable unipolar marron x 2,5mm2 x 100m",698,C5
699,Michalik,1,"BOX Cable unipolar negro x 2,5mm2 x 100m",699,C5
700,Michalik,1,"BOX Cable unipolar verde x 2,5mm2 x 100m",700,C5
701,Michalik,5,BOX Mouse USB Genius,701,A1
702,Michalik,2,BOX Cartucho toner Samsung M2020,702,A3
703,Michalik,2,BOX Cartucho toner Brother HL-1212W,703,A3
704,Michalik,4,BOX Mouse USB Genius (NUEVOS),704,A3
705,Michalik,4,BOX Teclado USB Genius (NUEVOS),705,A3
706,Michalik,10,BOX Puntas para multímetro (par),706,A1
707,Michalik,1,BOX Cables para fuente veneta (par rojo/negro),707,A1
708,Michalik,10,BOX Puntas para generador de onda (BNC - Cocodrilo),708,A1
709,Michalik,10,BOX Cable USB AM to BM para Arduino/Entrenador,709,A1
710,Michalik,21,BOX Cable HDMI M-M x 1mts,710,A1
711,Michalik,4,BOX Cable VGA x 2mts,711,A1
712,Michalik,10,BOX Puntas de osciloscopio,712,A2
713,Michalik,1,BOX Cable USB tipo C,713,A2
714,Michalik,5,BOX Bateria 9V,714,C3
715,Michalik,5,BOX Pila AA (pack x 4),715,C3
716,Michalik,5,BOX Pila AAA (pack x 4),716,C3
717,Michalik,5,BOX Pila CR2032,717,C3
718,Michalik,10,BOX Cinta aisladora x 10 mts,718,Caja htas+A3
719,Michalik,5,BOX Adaptador 3 patas planas cruzadas a 2 pernos,719,M13
720,Michalik,20,BOX Barra de silicona (grande),720,A1
721,Michalik,1,BOX Lubricante de litio Penetrit,721,A1
722,Michalik,1,BOX Aceite lubricante DW 40,722,A1
723,Michalik,2,BOX Pegamento instantaneo (La gotita),723,Caja htas
724,Michalik,2,BOX Poxipol,724,Caja htas
725,Michalik,2,BOX Poxiran,725,Caja htas
726,Michalik,5,BOX Repuestos hojas para trincheta CHICA,726,Caja htas
727,Michalik,12,BOX Repuestos hojas para trincheta GRANDE,727,Caja htas
728,Michalik,15,"BOX Mecha 0,75 mm",728,M5
729,Michalik,10,BOX Mecha 1 mm,729,M5
730,Michalik,5,"BOX Mecha 1,25mm",730,M5
731,Michalik,5,"BOX Mecha 1,5mm",731,M5
732,Michalik,5,BOX Mecha 2mm,732,M5
733,Michalik,5,BOX Mecha 3mm,733,M5
734,Michalik,2,BOX Mecha 4mm,734,M5
735,Michalik,2,"BOX Mecha 4,25 mm",735,M5
736,Michalik,1,"BOX Mecha 4,75 mm",736,M5
737,Michalik,5,BOX Mecha 5 mm,737,M5
738,Michalik,1,BOX Mecha 5 mm,738,M5
739,Michalik,1,BOX Mecha 8 mm,739,M5
740,Michalik,1,BOX Mecha 10 mm,740,M5
741,Michalik,1,BOX Macho p/ rosca 3mm,741,M5
742,Michalik,10,"BOX Prensacable 3/4""",742,M5
743,Michalik,10,"BOX Prensacable 5/8""",743,M5
744,Michalik,1,BOX Precintos x 100 mm (x bolsa),744,M5
745,Michalik,1,BOX Precintos x 200 mm (x bolsa),745,M5
746,Michalik,1,BOX Precintos x 300 mm (x bolsa),746,M5
747,Michalik,5,"BOX Termocontraible 2,4mm de diám. (x metro)",747,M5
748,Michalik,5,"BOX Termocontraible 3,2mm de diám. (x metro)",748,M5
749,Michalik,2,"BOX Termocontraible 4,8mm de diám. (x metro)",749,M5
750,Michalik,20,BOX Accesorio Dremel disco de corte,750,M5
751,Michalik,1,BOX Accesorio Dremel punta fresadora,751,M5
752,Michalik,2,BOX Accesorio Dremel para pulir,752,M5
753,Michalik,1,BOX Accesorio bastago de disco de corte Dremel,753,M5
754,Michalik,1,BOX Llave de ajuste para mandril,754,Caja htas
755,Michalik,2,BOX CIF o similar x 450 cm3,755,A1
756,Michalik,4,BOX Papel A4 75 gr (resma),756,A3
757,Michalik,5,BOX Fibrón indeleble Edding 400 (punta 1mm),757,A3
758,Michalik,5,"BOX Fibrón indeleble Edding 404 (punta 0,75mm)-Sharpie",758,A3
759,Michalik,3,BOX Cinta Scotch Ancha,759,A3
760,Michalik,3,BOX Cinta Scotch Fina,760,A3
761,Michalik,10,BOX Cinta de papel x 20mm,761,A3
762,Michalik,1,BOX Grampas 21/6 para abrochadora (caja x1000),762,A3
763,Michalik,2,BOX Virulana x paquete 10 unid.,763,A3
764,Michalik,2,BOX Borrador ,764,A3
765,Michalik,4,BOX Fibrón lavable Edding 360 negro,765,A3
766,Michalik,2,BOX Fibrón lavable Edding 360 rojo,766,A3
767,Michalik,3,BOX Fibrón lavable Edding 360 verde,767,A3
768,Michalik,2,BOX Fibrón lavable Edding 360 azul,768,A3
769,Michalik,4,BOX Tinta para fibrón negro,769,A3
770,Michalik,2,BOX Tinta para fibrón verde,770,A3
771,Michalik,2,BOX Tinta para fibrón rojo,771,A3
772,Michalik,2,BOX Tinta para fibrón azul,772,A3
773,Michalik,4,"BOX Rollos PLA 1,75mm (colores varios)",773,A3
774,Michalik,5,BOX Alcohol etilico x 1 litro - (Electroquímica Delta),774,A3
775,Michalik,1,BOX Alcohol isopropílico x 1 litro,775,A3
776,Michalik,3,BOX Spray fijador ROBY (rojo) x180ml/127g,776,A3
777,Michalik,8,BOX Malla desoldante 2mm,777,A1
778,Michalik,3,"BOX Estaño x 250 gr - 0,5mm",778,A1
779,Michalik,10,"BOX Estaño x 250 gr - 0,8mm",779,A1
780,Michalik,1,BOX Embudo,780,A3
781,Michalik,1,BOX Flux en jeringa,781,A1
782,Michalik,3,BOX Contacflux aerosol x 180 cc,782,A1
783,Michalik,1,BOX Contacmatic super verde x 230 cc,783,A1
784,Michalik,1,BOX Grasa siliconada x 100gr,784,A1
785,Michalik,1,BOX Barniz aislante para transformadores x litro,785,C5
786,Michalik,1,BOX Cajas contenedoras plásticas grandes,786,M14
787,Remedi,0,BOX Protoshield,787,A2
788,Remedi,0,BOX Servomotor 9g plástico,788,A2
789,Remedi,0,BOX Motor PaP unipolar 28BYJ-48,789,A2
790,Remedi,0,BOX Driver para PaP ULN2003,790,A2
791,Remedi,0,BOX Sensor ultrasónico HCSR04,791,A2
792,Remedi,0,BOX Detector de llama,792,A2
793,Remedi,0,BOX Módulo Relay 5V,793,A2
794,Remedi,0,BOX Powershield,794,A2
795,Remedi,0,BOX LED RGB 5mm,795,A2
796,Remedi,0,BOX 74HC595 Registro de desplazamiento Latch,796,A2
797,Remedi,0,BOX Tiltsensor,797,A2
798,Remedi,0,BOX Sensor de lluvia,798,A2
799,Remedi,0,BOX Módulo micrófono,799,A2
800,Remedi,0,BOX Módulo sensor inrarrojo de herradura,800,A2
801,Remedi,0,BOX Sensor de temperatura y humedad DHT11,801,A2
802,Remedi,0,BOX Sensor de temperatura y humedad DHT22,802,A2
803,Remedi,0,BOX Portapilas 6 celdas,803,A2
804,Remedi,0,BOX Módulo Bluetooth HC06,804,A2
805,Remedi,0,BOX Módulo RFID 13.56MHz,805,A2
806,Remedi,0,BOX Tag RFD 13.56MHz,806,A2
807,Remedi,0,BOX Llavero RFID 13.56MHz,807,A2
808,Remedi,0,BOX Control remoto IR,808,A2
809,Remedi,0,BOX Módulo Joystick,809,A2
810,Remedi,0,BOX Módulo RTC DS1302,810,A2
811,Remedi,0,BOX Módulo teclado x16 pulsadores,811,A2
812,Remedi,0,BOX Shield Ethernet,812,A2
813,Remedi,0,BOX Shield driver L293D + Servo,813,A2
814,Remedi,0,BOX Motor POLOLU,814,A2
815,Remedi,0,BOX Módulo driver L9110,815,A2
816,Remedi,0,BOX Módulo driver L298N,816,A2
817,Remedi,0,BOX PT100,817,A2
818,Remedi,0,BOX Módulo cargador de bat. de litio TP4056,818,A2
819,Remedi,0,BOX Módulo lector SD,819,A2
820,Remedi,0,BOX Módulo A4988 driver PaP,820,A2
821,Remedi,0,BOX Bomba de agua EM20-0343 5V,821,A2
822,Remedi,0,BOX Fuente lm2596,822,A2
823,,0,BOX cable rojo,823,Laboratorio 1
824,,0,BOX cable negro,824,LAB 1
825,,0,BOX 470,825,LAB 1
826,,0,BOX 4k7,826,LAB 1
827,,0,BOX 47k,827,LAB 1
828,,0,BOX 1k,828,LAB 1
829,,0,BOX 10k,829,LAB 1
830,,0,BOX 100k,830,LAB 1
831,,0,BOX 22k,831,LAB 1
832,,0,BOX 2M2,832,LAB 1
833,,0,BOX led,833,LAB 1
834,,0,BOX pulsador,834,LAB 1
835,,0,BOX foto res,835,LAB 1
836,,0,BOX foto trans,836,LAB 1
837,,0,BOX lampara 12v,837,LAB 1
838,,0,BOX vjt 2n2646,838,LAB 1
839,,0,BOX pnp 2n2905,839,LAB 1
840,,0,BOX npn 2n1711,840,LAB 1
841,,0,BOX npn bc182,841,LAB 1
842,,0,BOX fet bf245,842,LAB 1
843,,0,BOX scr tic47,843,LAB 1
844,,0,BOX R.P 7w 220r,844,LAB 1
845,,0,BOX R.P 7w 47r,845,LAB 1
846,,0,BOX R.P 7w 1r,846,LAB 1
847,,0,BOX R.P 5w 4r7,847,LAB 1
848,,0,BOX tda2006,848,LAB 1
849,,0,BOX ua7805,849,LAB 1
850,,0,BOX lm 317,850,LAB 1
851,,0,BOX ua741,851,LAB 1
852,,0,BOX ne555,852,LAB 1
853,,0,BOX ptc/ntc,853,LAB 1
854,,0,BOX 1n4007,854,LAB 1
855,,0,BOX 1n914,855,LAB 1
856,,0,BOX 0a91,856,LAB 1
857,,0,"BOX Z. 6,2v",857,LAB 1
858,,0,BOX DIAC,858,LAB 1
859,,0,"BOX 1,5r",859,LAB 1
860,,0,"BOX 4,7r",860,LAB 1
861,,0,BOX 10r,861,LAB 1
862,,0,BOX 100r,862,LAB 1
863,,0,BOX 180r,863,LAB 1
864,,0,BOX 220r,864,LAB 1
865,,0,BOX 330r,865,LAB 1
866,,0,BOX 560r,866,LAB 1
867,,0,BOX 820r,867,LAB 1
868,,0,BOX 1k,868,LAB 1
869,,0,BOX 1k5,869,LAB 1
870,,0,BOX 2k2,870,LAB 1
871,,0,BOX 3k3,871,LAB 1
872,,0,BOX 3k9,872,LAB 1
873,,0,BOX 4k7,873,LAB 1
874,,0,BOX 5k6,874,LAB 1
875,,0,BOX 10k,875,LAB 1
876,,0,BOX 15k,876,LAB 1
877,,0,BOX 22k,877,LAB 1
878,,0,BOX 27k,878,LAB 1
879,,0,BOX 33k,879,LAB 1
880,,0,BOX 39k,880,LAB 1
881,,0,BOX 47k,881,LAB 1
882,,0,BOX 100k,882,LAB 1
883,,0,BOX 120k,883,LAB 1
884,,0,BOX 220k,884,LAB 1
885,,0,BOX 470k,885,LAB 1
886,,0,BOX 1M,886,LAB 1
887,,0,BOX 1uf,887,LAB 1
888,,0,"BOX 2,2uf",888,LAB 1
889,,0,BOX 10uf,889,LAB 1
890,,0,BOX 22uf,890,LAB 1
891,,0,BOX 100uf,891,LAB 1
892,,0,BOX 470uf,892,LAB 1
893,,0,BOX 1000uf,893,LAB 1
894,,0,BOX 1nf,894,LAB 1
895,,0,"BOX 2,2nf",895,LAB 1
896,,0,"BOX 4,7nf",896,LAB 1
897,,0,BOX 10nf,897,LAB 1
898,,0,BOX 10pf,898,LAB 1
899,,0,BOX 47pf,899,LAB 1
900,,0,BOX 82pf,900,LAB 1
901,,0,BOX 560pf,901,LAB 1
902,,0,BOX 470pf,902,LAB 1
903,,0,"BOX 0,1uf",903,LAB 1
904,,0,BOX 1uf,904,LAB 1
905,,0,"BOX 0,33uf",905,LAB 1
906,,0,BOX 270pf,906,LAB 1
907,,0,BOX 22nf,907,LAB 1
908,Remedi,8,BOX Destornillador cruz pequeño 383 3.0x60,908,LAB 1
909,Remedi,9,BOX Destornillador cruz mediano 383 4.5x80,909,LAB 1
910,Remedi,10,BOX Destornillador plano pequeño 383 3.0x75,910,LAB 1
911,Remedi,8,BOX Destornillador plano mediano 383 4.0x100,911,LAB 1
912,Remedi,11,BOX Destornillador plano grande 383 5.5x150,912,LAB 1
913,Remedi,9,BOX Pinza pelacable 292,913,LAB 1
914,Remedi,9,BOX Tijera 296,914,LAB 1
915,Remedi,10,BOX Pinza prensa cable 286,915,LAB 1
916,Remedi,10,BOX Alicate de punta 341,916,LAB 1
917,Remedi,10,BOX Pinza plana 301,917,LAB 1
918,Remedi,9,BOX Pinza punta 282,918,LAB 1
919,Remedi,8,BOX Pinza pequeña para levantar ep2a,919,LAB 1
920,,5,BOX TIP 41C,920,LAB 1
921,,5,BOX TIP35C,921,LAB 1
922,,10,BOX Potenciometro lineal para gabinete 20kΩ,922,LAB 1
923,,10,BOX Potenciometro lineal para gabinete 1kΩ,923,LAB 1
924,,5,BOX Puente diodo 4A KBU4G o KBL10,924,LAB 1
925,,3,BOX Puente diodo 4A,925,LAB 1
926,,3,BOX PIC18F4520 TQFP,926,LAB 1
927,,3,BOX Inductancia 68uH 1A SMD,927,LAB 1
928,,3,"BOX Inductancia 150uH 2,2A SMD",928,LAB 1
929,,3,"BOX Inductancia 22uH 2,3A SMD",929,LAB 1
930,,2,BOX Micro Rele 12v 2A,930,LAB 1
931,,2,"BOX Display 7seg 0,56'' rojo SMD",931,LAB 1
932,,5,BOX Led rojo SMD,932,LAB 1
933,,5,BOX Sensor corriente INA168,933,LAB 1
934,,3,BOX LM321,934,LAB 1
935,,5,BOX Transistor MMBT2222,935,LAB 1
936,,5,BOX Diodo Schottky 500mA 30V,936,LAB 1
937,,5,"BOX KF33BDT reg LDO 3,3V 500mA",937,LAB 1
938,,5,BOX LM2576 reg -12V,938,LAB 1
939,,5,"BOX LM2576 reg 3,3V",939,LAB 1
940,,5,BOX LM2576 reg 5V,940,LAB 1
941,,5,BOX LM2576 reg 12V,941,LAB 1
942,,5,BOX LM2576 reg ADJ,942,LAB 1
943,,5,"BOX Capacitor 2,2uF 35V",943,LAB 1
944,,5,BOX Resistencias 1KΩ - 1/2w - 1206,944,LAB 1
945,,5,BOX Resistencias 0Ω - 1/4w - 1206,945,LAB 1
946,,5,"BOX Resistencias 1,8KΩ - 1/2w - 1206",946,LAB 1
947,,5,BOX Resistencias 22Ω - 1/2w - 1206,947,LAB 1
948,,5,BOX Resistencias 470Ω - 1/2w - 1206,948,LAB 1
949,,5,BOX Resistencias 1KΩ - 1/2w - 1206,949,LAB 1
950,,5,BOX Resistencias 1MΩ - 1/2w - 1206,950,LAB 1
951,,5,BOX Resistencias 100Ω - 1/2w - 1206,951,LAB 1
952,,5,BOX Resistencias 68KΩ - 1/2w - 1206,952,LAB 1
953,,5,"BOX Resistencias 3,3KΩ - 1/2w - 1206",953,LAB 1
954,,5,BOX Resistencias 680Ω - 1/2w - 1206,954,LAB 1
955,,5,"BOX Resistencias 4,7KΩ - 1/2w - 1206",955,LAB 1
956,,5,BOX Resistencias 47Ω - 1/2w - 1206,956,LAB 1
957,,5,BOX Capacitor 100nF - 1206,957,LAB 1
958,,1,BOX Placas PCB Fuente V2,958,LAB 1
959,,5,"BOX Display 7seg 0,56'' Doble catodo comun",959,LAB 1
960,Remedi,13,BOX Banco de trabajo,960,LAB 2
961,Remedi,2,BOX AACC Surrey 4500 Frig,961,LAB 2
962,Remedi,2,BOX Calefactor,962,LAB 2
963,Remedi,38,BOX Taburete fijo negro,963,LAB 2
964,Remedi,4,BOX Taburete giratorio con respaldar (negros),964,LAB 2
965,Remedi,3,BOX Mesa de madera,965,LAB 2
966,Remedi,1,BOX Mesada de mármol con bacha metálica,966,LAB 2
967,Remedi,1,BOX Mueble de madera,967,LAB 2
968,Remedi,1,BOX Televisor SmartTV TCL 49'',968,LAB 2
969,Remedi,1,BOX Gabinete Telecom BTS,969,LAB 2
970,Remedi,13,"BOX Fuente de alimentación 1,3-32V/3,3/5/12/24",970,M1 - M12
971,Remedi,12,"BOX CPU + Monitor Led 19"" + multimedia + disco + Grabadora DVD + teclado + mouse",971,M1 - M12
972,Remedi,1,"BOX CPU Intel I3 - 3250 - 4 GB RAM + Monitor Led 18,5""+ multimedia + disco 500GB+
 Grabadora DVD + teclado + mouse",972,Mesa 13 LAB 2
973,Remedi,1,BOX Impresora Laser Samsung M2020,973,Mesa 13 LAB 2
974,Remedi,1,BOX Mandril adaptador para mechas chicas con 3 accesorios p/taladro DREMEL,974,Mesa de perforación
975,Remedi,1,BOX Taladro de banco c/llave de ajuste,975,Mesa de perforación
976,Remedi,1,BOX Taladro Dremel Multipro,976,Mesa de perforación
977,Remedi,1,BOX Dremel work station,977,Mesa de perforación
978,Remedi,1,BOX Lupa,978,Mesa de perforación
979,Remedi,1,BOX Morsa tamaño 0,979,Mesa de perforación
980,Remedi,1,BOX Morsa tamaño 4,980,Mesa de perforación
981,Remedi,1,BOX Sensor de proximidad inductivo,981,Maletin inductivo M14
982,Remedi,1,BOX Sensor de proximidad inductivo,982,Maletin inductivo M14
983,Remedi,1,BOX Sensor IR emisor,983,Maletin inductivo M14
984,Remedi,1,BOX Sensor IR receptor,984,Maletin inductivo M14
985,Remedi,1,BOX Sonar,985,Maletin capacitivo M14
986,Remedi,1,BOX Sonar,986,Maletin capacitivo M14
987,Remedi,1,BOX Sonar,987,Maletin capacitivo M14
988,Remedi,1,BOX Sensor Inductivo,988,Maletin inductivo M14
989,Remedi,1,BOX Sensor Inductivo,989,Maletin inductivo M14
990,Remedi,1,BOX Sensor Inductivo,990,Maletin inductivo M14
991,Remedi,1,BOX Sensor óptico,991,Maletin inductivo M14
992,Remedi,8,BOX Final de carrera,992,Maletin M14
993,Remedi,1,BOX Baliza triple,993,Maletin M14
994,Remedi,1,BOX Baliza simple,994,Maletin M14
995,Remedi,1,BOX Baliza simple de repuesto,995,Maletin M14
996,Vettorello,1,BOX Variac 0 a 220 V - 1 A,996,Mesa 14 LAB 2
997,Remedi,1,"BOX Motor trifásico 3CV 2,2KW",997,Mesa 14 LAB 2
998,Remedi,1,"BOX Motor trifásico 0,5HP-Altium",998,Mesa 14 LAB 2
999,Remedi,1,BOX Fuente de alimentacion,999,Mesa 14 LAB 2
1000,Remedi,1,BOX Variador de velocidad,1000,Mesa 14 LAB 2
1001,Remedi,1,BOX Variador de velocidad,1001,Mesa 14 LAB 2
1002,Remedi,4,BOX Moto reductores SIEMENS,1002,Mesa 14 LAB 2
1003,Remedi,1,BOX Tablero amarillo con contactores y termomagnética,1003,Mesa 14 LAB 2
1004,Remedi,1,BOX Cable canal ranurado 40x60 (tira),1004,Mesa 14 LAB 2
1005,Remedi,1,"BOX PC-Duron 1,2 GHz - 512 Mb RAM - 40 Gb Disco - CD - 3 1/2 - Monitor 15""",1005,Mesa 14 LAB 2
1006,Remedi,1,BOX Caja de cables unipolares varias medidas y colores,1006,Mesa 14 LAB 2
1007,Remedi,1,BOX Termica 4x10A,1007,Maqueta tablero amarillo
1008,Remedi,1,BOX Temporizador para riel DIN c/zócalo,1008,Maqueta tablero amarillo
1009,Remedi,3,BOX Contactos auxiliares para contactor (NC),1009,Maqueta tablero amarillo
1010,Remedi,1,BOX Tabaquera con fusible para riel DIN,1010,Maqueta tablero amarillo
1011,Remedi,34,BOX Borneras Zoloda,1011,Maqueta tablero amarillo
1012,Remedi,1,BOX Calentador,1012,Mesa mármol
1013,Remedi,1,BOX Pecera,1013,Mesa mármol
1014,Remedi,1,BOX Bomba de aire,1014,Mesa mármol
1015,Remedi,1,BOX Luz UV,1015,Mesa mármol
1016,Remedi,2,BOX Bandeja para ataque químico de PCB,1016,Mesa mármol
1017,Remedi,1,BOX Bandeja para agua,1017,Mesa mármol
1018,Remedi,2,BOX Armario metálico con 6 compartimientos individuales,1018,LAB 2
1019,Remedi,12,BOX Kit de destornilladores Stanley x 6,1019,LAB 2
1020,Remedi,1,BOX Osciloscopio digital Tektronic TDS224 (100 MHz 4 canales) c/4 puntas - Manuales,1020,LAB 2
1021,Remedi,4,BOX Osciloscopio digital 100 MHz; 1Gsample; conectividad USB. Mod: Gw INSTEK GDS-1102A,1021,LAB 2
1022,Remedi,7,BOX Osciloscopio digital 100 MHz; 1Gsample; conectividad USB. Mod: Gw INSTEK GDS-1102A-U,1022,LAB 2
1023,Michalik,24,BOX Puntas de osciloscopio,1023,LAB 2
1024,Remedi,24,BOX Puntas de fuentes banana-cocodrilo (par rojo y negro),1024,LAB 2
1025,Remedi,12,BOX Pinza de punta Proskit 8PK-102D,1025,LAB 2
1026,Remedi,12,BOX Multímetro UT33A,1026,LAB 2
1027,Remedi,12,BOX Alicate Proskit 8PK-101D,1027,LAB 2
1028,Remedi,20,"BOX Borneras p/2,5mm - para riel DIN",1028,Sector ELEC. IND.2
1029,Remedi,20,"BOX Borneras p/1,5mm - para riel DIN",1029,Sector ELEC. IND.2
1030,Remedi,8,BOX Luz piloto verde Φ22 - 220v,1030,Sector ELEC. IND.2
1031,Remedi,4,BOX Luz piloto roja Φ22 - 220v,1031,Sector ELEC. IND.2
1032,Remedi,8,BOX Luz piloto verde Φ22 - 24v,1032,Sector ELEC. IND.2
1033,Remedi,4,BOX Luz piloto roja Φ22 - 24v,1033,Sector ELEC. IND.2
1034,Remedi,16,BOX Pulsador NC,1034,Sector ELEC. IND.2
1035,Remedi,8,BOX Pulsador NA,1035,Sector ELEC. IND.2
1036,Remedi,1,BOX Manguera neumática con pico,1036,Sector ELEC. IND.2
1037,Remedi,4,BOX Tableros para PLC 220V,1037,Sector ELEC.IND.2
1038,Remedi,4,BOX Tableros para PLC 24V,1038,Sector ELEC.IND.2
1039,Remedi,4,BOX Contactor auxiliar,1039,Sector ELEC. IND.2
1040,Remedi,4,BOX Contactores ,1040,Sector ELEC. IND.2
1041,Remedi,4,BOX Contactores ,1041,Sector ELEC. IND.2
1042,Remedi,4,BOX Contactores ,1042,Sector ELEC. IND.2
1043,Remedi,12,BOX Contactores ,1043,Sector ELEC.IND.2
1044,Remedi,4,BOX Contactores ,1044,Sector ELEC.IND.2
1045,Remedi,2,BOX Fichas macho para trifasica,1045,Sector ELEC. IND.2
1046,Remedi,4,BOX PLC !Logo,1046,Sector ELEC. IND.2
1047,Remedi,2,BOX Módulo de expansión analógico,1047,Sector ELEC. IND.2
1048,Remedi,8,BOX Rele térmico,1048,Sector ELEC. IND.2
1049,Remedi,1,BOX Unidad de evaluacion para proteccion,1049,Sector ELEC.IND.2
1050,Remedi,1,BOX Guarda motor,1050,Sector ELEC.IND.2
1051,Remedi,7,BOX Temporizador neumático,1051,Sector ELEC. IND.2
1052,Remedi,3,BOX Transformadores de corriente,1052,Sector ELEC. IND.2
1053,Remedi,10,BOX Rele para riel din,1053,Sector ELEC. IND.2
1054,Michalik,10,BOX Plancha para circuitos impresos 20x20,1054,Sector INF.ELEC.2
1055,Remedi,1,BOX Pistola calor Stanley 1800w STXH2000,1055,Sector INF.ELEC.2
1056,Remedi,3,BOX Sierra p/plaqueta (2 grandes + 1 chica),1056,Sector INF.ELEC.2
1057,Remedi,2,BOX Hoja de sierra 24 dpp,1057,Sector INF.ELEC.2
1058,Remedi,2,BOX Lima fina plana,1058,Sector INF.ELEC.2
1059,Remedi,2,BOX Lima de desvaste plana,1059,Sector INF.ELEC.2
1060,Remedi,1,BOX Lima triangular,1060,Sector INF.ELEC.2
1061,Remedi,2,BOX Lima redonda,1061,Sector INF.ELEC.2
1062,Remedi,3,BOX Martillo,1062,Sector INF.ELEC.2
1063,Remedi,1,BOX Cepillo p/limas,1063,Sector INF.ELEC.2
1064,Remedi,4,BOX Acido cloruro férrico x 500mL,1064,Sector INF.ELEC.2
1065,Remedi,2,BOX Polvo removedor bolsa,1065,Sector INF.ELEC.2
1066,Remedi,2,BOX Polvo revelador bolsa,1066,Sector INF.ELEC.2
1067,Michalik,1,BOX Embudo ,1067,Sector INF.ELEC.2
1068,Michalik,2,BOX Plancha eléctrica para PCB,1068,Sector INF.ELEC.2
1069,Remedi,1,BOX Rodillos,1069,Cajón
1070,Remedi,1,BOX Papel fotosensible,1070,Cajón
1071,Remedi,1,"BOX Tubo de mechas (0,75 - 1 - 1,25 - 2)",1071,Cajón
1072,Remedi,1,BOX Lijas varias,1072,Cajón
1073,Remedi,1,BOX Cinta papel,1073,Cajón
1074,Remedi,1,BOX Virulana,1074,Cajón
1075,Remedi,15,BOX Disipadores para TO-220 + varios,1075,Sector ELECTROTEC.2
1076,Remedi,1,BOX Resistencias de carga 25Ω - 20 W c/disipador y cooler,1076,Sector ELECTROTEC.2
1077,Vettorello,1,BOX Resistencia de carga 27Ω 15w 1%,1077,Sector ELECTROTEC.2
1078,Vettorello,1,BOX Resistencia de carga 15Ω 2w 1%,1078,Sector ELECTROTEC.2
1079,Vettorello,1,BOX Resistencia de carga 68Ω 10w 1%,1079,Sector ELECTROTEC.2
1080,Vettorello,1,BOX Resistencia de carga 100Ω 5w 1%,1080,Sector ELECTROTEC.2
1081,Vettorello,1,BOX Resistencia de carga 39Ω 5w 1%,1081,Sector ELECTROTEC.2
1082,Vettorello,1,BOX Resistencia de carga 15Ω 5w 1%,1082,Sector ELECTROTEC.2
1083,Vettorello,1,"BOX Resistencia de carga 0,475Ω 10w 1%",1083,Sector ELECTROTEC.2
1084,Vettorello,1,BOX Resistencia de carga 10Ω 5w 1%,1084,Sector ELECTROTEC.2
1085,Vettorello,1,"BOX Resistencia de carga 0,82Ω 5w 1%",1085,Sector ELECTROTEC.2