equipos,10
equipos,1
equipos,2
equipos,14
equipos,1
equipos,1
equipos,3
equipos,2
equipos,1
equipos,1
equipos,1
equipos,1
equipos,4
equipos,2
equipos,1
equipos,2
equipos,4
equipos,1
equipos,1
equipos,1
equipos,1
equipos,1
equipos,1
equipos,4
equipos,1
equipos,6
equipos,12
equipos,3
equipos,3
equipos,9
equipos,2
equipos,2
equipos,2
equipos,1
equipos,1
equipos,1
equipos,2
equipos,10
equipos,14
equipos,8
equipos,1
equipos,1
equipos,1
equipos,1
equipos,2
equipos,2
equipos,1
equipos,2
equipos,7
equipos,1
equipos,1
equipos,1
equipos,
equipos,1
equipos,1
equipos,1
equipos,1
equipos,1
equipos,1
equipos,1
equipos,1
equipos,1
equipos,3
equipos,1
equipos,1
equipos,2
equipos,2
equipos,6
equipos,6
equipos,6
equipos,6
equipos,7
equipos,1
equipos,1
equipos,1
equipos,1
equipos,16
equipos,5
equipos,12
equipos,50
equipos,50
equipos,1
equipos,1
equipos,1
equipos,1
equipos,2
equipos,1
equipos,19
equipos,7
equipos,2
equipos,18
equipos,8
equipos,2
equipos,4
equipos,1
equipos,1
equipos,1
equipos,2
equipos,0
equipos,4
equipos,2
equipos,1
equipos,1
equipos,1
equipos,3
equipos,2
equipos,13
equipos,25
equipos,12
equipos,1
equipos,2
equipos,2
equipos,1
equipos,2
equipos,1
equipos,2
equipos,3
equipos,1
equipos,1
equipos,2
equipos,2
equipos,2
equipos,1
equipos,1
equipos,5
equipos,12
equipos,12
equipos,24
equipos,12
equipos,12
equipos,12
equipos,7
equipos,2
equipos,3
equipos,1
equipos,1
equipos,1
equipos,1
equipos,1
equipos,1
equipos,1
equipos,2
equipos,1
equipos,1
equipos,1
equipos,1
equipos,1
equipos,1
equipos,1
equipos,1
equipos,1
equipos,6
equipos,1
equipos,6
equipos,1
equipos,1
equipos,1
equipos,1
equipos,1
equipos,1
equipos,1
equipos,1
equipos,3
equipos,2
equipos,12
equipos,12
equipos,12
equipos,12
sensores,1
sensores,1
sensores,3
sensores,3
sensores,1
sensores,4
sensores,1
sensores,1
sensores,1
sensores,2
sensores,2
sensores,1
sensores,1
sensores,1
sensores,1
sensores,1
sensores,1
sensores,1
sensores,1
sensores,10
sensores,1
sensores,1
sensores,1
sensores,4
sensores,10
sensores,25
sensores,1
sensores,1
sensores,2
sensores,1
sensores,1
sensores,13
resistencias,20
resistencias,10
resistencias,15
resistencias,30
resistencias,35
resistencias,20
resistencias,25
resistencias,30
resistencias,35
resistencias,20
resistencias,40
resistencias,40
resistencias,40
resistencias,40
resistencias,9
resistencias,9
resistencias,25
resistencias,22
resistencias,20
resistencias,30
resistencias,20
resistencias,40
resistencias,10
resistencias,15
resistencias,40
resistencias,8650
resistencias,4
resistencias,2850
resistencias,100
resistencias,50
resistencias,100
resistencias,12
resistencias,20
resistencias,12
resistencias,12
resistencias,12
resistencias,12
resistencias,12
resistencias,12
resistencias,12
resistencias,12
resistencias,12
resistencias,12
resistencias,12
resistencias,5
resistencias,2
resistencias,2
resistencias,2
resistencias,2
resistencias,2
resistencias,2
resistencias,2
resistencias,1
resistencias,2
resistencias,2
resistencias,2
resistencias,2
resistencias,0
resistencias,12
resistencias,12
resistencias,12
resistencias,12
resistencias,12
resistencias,12
resistencias,12
resistencias,12
resistencias,12
resistencias,12
resistencias,12
resistencias,12
resistencias,12
lamparas e indicadores,1
diodos y rectificadores,76
diodos y rectificadores,100
diodos y rectificadores,50
diodos y rectificadores,20
diodos y rectificadores,20
diodos y rectificadores,27
diodos y rectificadores,15
diodos y rectificadores,20
diodos y rectificadores,15
diodos y rectificadores,10
diodos y rectificadores,20
diodos y rectificadores,0
diodos y rectificadores,5
diodos y rectificadores,26
diodos y rectificadores,45
diodos y rectificadores,29
diodos y rectificadores,12
diodos y rectificadores,10
diodos y rectificadores,3
diodos y rectificadores,10
diodos y rectificadores,25
diodos y rectificadores,4
diodos y rectificadores,15
opticos y displays,40
opticos y displays,40
opticos y displays,60
opticos y displays,40
opticos y displays,150
opticos y displays,22
opticos y displays,40
opticos y displays,6
opticos y displays,12
opticos y displays,69
opticos y displays,40
opticos y displays,3
opticos y displays,3
opticos y displays,4
opticos y displays,8
opticos y displays,8
opticos y displays,1
opticos y displays,6
opticos y displays,30
opticos y displays,30
opticos y displays,19
opticos y displays,30
opticos y displays,21
opticos y displays,20
opticos y displays,18
opticos y displays,10
opticos y displays,4
transistores,30
transistores,50
transistores,80
transistores,300
transistores,9
transistores,25
transistores,1
transistores,15
transistores,26
transistores,20
transistores,30
transistores,24
transistores,24
transistores,7
transistores,12
transistores,2
transistores,10
transistores,10
transistores,16
transistores,20
transistores,0
transistores,0
transistores,0
tiristores,6
tiristores,13
tiristores,18
tiristores,9
tiristores,23
parlantes y microfonos,12
parlantes y microfonos,20
parlantes y microfonos,4
"inductancias, nucleos y transformadores",20
"inductancias, nucleos y transformadores",3
"inductancias, nucleos y transformadores",10
"inductancias, nucleos y transformadores",3
"inductancias, nucleos y transformadores",2
"inductancias, nucleos y transformadores",1
"inductancias, nucleos y transformadores",2
"inductancias, nucleos y transformadores",1
"inductancias, nucleos y transformadores",1
"inductancias, nucleos y transformadores",15
"inductancias, nucleos y transformadores",20
"inductancias, nucleos y transformadores",15
"inductancias, nucleos y transformadores",25
"inductancias, nucleos y transformadores",20
"inductancias, nucleos y transformadores",15
"inductancias, nucleos y transformadores",20
"inductancias, nucleos y transformadores",15
"inductancias, nucleos y transformadores",20
"inductancias, nucleos y transformadores",15
"inductancias, nucleos y transformadores",15
"inductancias, nucleos y transformadores",20
"inductancias, nucleos y transformadores",15
"inductancias, nucleos y transformadores",20
"inductancias, nucleos y transformadores",15
"inductancias, nucleos y transformadores",20
"inductancias, nucleos y transformadores",12
capacitores,0
capacitores,75
capacitores,1
capacitores,50
capacitores,5
capacitores,50
capacitores,5
capacitores,60
capacitores,40
capacitores,80
capacitores,100
capacitores,80
capacitores,40
capacitores,40
capacitores,50
capacitores,40
capacitores,50
capacitores,60
capacitores,60
capacitores,50
capacitores,60
capacitores,40
capacitores,40
capacitores,40
capacitores,55
capacitores,6
capacitores,50
capacitores,4
capacitores,60
capacitores,60
capacitores,50
capacitores,40
capacitores,50
capacitores,50
capacitores,30
capacitores,2
capacitores,35
capacitores,5
capacitores,30
capacitores,5
capacitores,35
capacitores,30
capacitores,40
capacitores,65
capacitores,40
capacitores,30
capacitores,40
capacitores,70
capacitores,40
capacitores,1
capacitores,55
capacitores,35
capacitores,40
capacitores,70
capacitores,20
capacitores,50
capacitores,35
capacitores,40
capacitores,60
capacitores,40
capacitores,40
capacitores,50
capacitores,40
capacitores,75
capacitores,40
capacitores,40
capacitores,35
capacitores,40
capacitores,25
capacitores,50
capacitores,25
capacitores,84
capacitores,90
capacitores,85
capacitores,60
capacitores,46
capacitores,60
capacitores,50
capacitores,25
capacitores,35
capacitores,35
capacitores,35
capacitores,8
capacitores,65
capacitores,35
capacitores,35
capacitores,8
"interruptores, pulsadores y reles",18
"interruptores, pulsadores y reles",3
"interruptores, pulsadores y reles",54
"interruptores, pulsadores y reles",3
"interruptores, pulsadores y reles",3
"interruptores, pulsadores y reles",16
"interruptores, pulsadores y reles",42
"interruptores, pulsadores y reles",28
"interruptores, pulsadores y reles",13
"interruptores, pulsadores y reles",2
"interruptores, pulsadores y reles",20
"interruptores, pulsadores y reles",3
"interruptores, pulsadores y reles",30
"interruptores, pulsadores y reles",27
"interruptores, pulsadores y reles",13
buffers,16
buffers,13
buffers,14
buffers,21
buffers,23
buffers,7
buffers,50
ci digitales,52
ci digitales,30
ci digitales,27
ci digitales,30
ci digitales,2
ci digitales,53
ci digitales,30
ci digitales,0
ci digitales,10
ci digitales,40
ci digitales,14
ci digitales,20
ci digitales,30
ci digitales,39
ci digitales,30
ci digitales,40
ci digitales,29
ci digitales,32
ci digitales,40
ci digitales,26
ci digitales,0
ci digitales,1
ci digitales,10
ci digitales,1
ci digitales,26
ci digitales,5
ci digitales,40
ci digitales,2
ci digitales,10
ci digitales,10
ci digitales,2
ci digitales,36
ci digitales,4
ci digitales,42
ci digitales,2
ci digitales,3
ci digitales,2
ci digitales,30
ci digitales,2
ci digitales,20
ci digitales,30
ci digitales,30
ci digitales,1
ci digitales,1
ci digitales,30
ci digitales,30
ci digitales,30
ci digitales,2
ci digitales,40
ci digitales,19
ci digitales,30
ci digitales,20
ci digitales,31
ci digitales,2
ci digitales,1
ci digitales,1
ci digitales,14
ci digitales,12
ci digitales,4
ci digitales,30
ci digitales,7
ci digitales,8
ci digitales,16
ci digitales,20
ci digitales,12
ci digitales,12
ci digitales,20
ci digitales,6
ci digitales,6
ci digitales,28
ci digitales,1
ci digitales,20
ci digitales,2
ci digitales,12
ci digitales,12
ci digitales,10
ci digitales,15
ci digitales,18
ci digitales,18
ci digitales,24
ci digitales,3
ci digitales,2
ci digitales,20
cristales y osciladores,10
cristales y osciladores,50
cristales y osciladores,15
cristales y osciladores,20
cristales y osciladores,15
cristales y osciladores,20
cristales y osciladores,15
zocalos,46
zocalos,16
zocalos,12
zocalos,44
zocalos,10
zocalos,30
zocalos,50
zocalos,27
zocalos,25
zocalos,21
zocalos,15
zocalos,2
"ci transmisores, receptores y modulos",15
"ci transmisores, receptores y modulos",30
"ci transmisores, receptores y modulos",26
"ci transmisores, receptores y modulos",10
"ci transmisores, receptores y modulos",4
"ci transmisores, receptores y modulos",4
reguladores de tension y protecciones,10
reguladores de tension y protecciones,1
reguladores de tension y protecciones,7
reguladores de tension y protecciones,20
reguladores de tension y protecciones,15
reguladores de tension y protecciones,36
reguladores de tension y protecciones,55
reguladores de tension y protecciones,14
reguladores de tension y protecciones,50
reguladores de tension y protecciones,10
reguladores de tension y protecciones,35
reguladores de tension y protecciones,20
reguladores de tension y protecciones,26
reguladores de tension y protecciones,15
reguladores de tension y protecciones,15
reguladores de tension y protecciones,15
reguladores de tension y protecciones,12
reguladores de tension y protecciones,15
reguladores de tension y protecciones,30
reguladores de tension y protecciones,25
reguladores de tension y protecciones,3
ci analogicos,28
ci analogicos,5
ci analogicos,50
ci analogicos,29
ci analogicos,20
ci analogicos,24
ci analogicos,24
ci analogicos,25
ci analogicos,6
ci analogicos,44
ci analogicos,8
ci analogicos,5
ci analogicos,9
"conectores, borneras, terminales y fichas",7
"conectores, borneras, terminales y fichas",5
"conectores, borneras, terminales y fichas",8
"conectores, borneras, terminales y fichas",5
"conectores, borneras, terminales y fichas",200
"conectores, borneras, terminales y fichas",24
"conectores, borneras, terminales y fichas",45
"conectores, borneras, terminales y fichas",49
"conectores, borneras, terminales y fichas",3
"conectores, borneras, terminales y fichas",4
"conectores, borneras, terminales y fichas",81
"conectores, borneras, terminales y fichas",15
"conectores, borneras, terminales y fichas",0
"conectores, borneras, terminales y fichas",0
"conectores, borneras, terminales y fichas",5
"conectores, borneras, terminales y fichas",12
"conectores, borneras, terminales y fichas",3
"conectores, borneras, terminales y fichas",5
"conectores, borneras, terminales y fichas",5
"conectores, borneras, terminales y fichas",4
"conectores, borneras, terminales y fichas",10
"conectores, borneras, terminales y fichas",30
"conectores, borneras, terminales y fichas",20
"conectores, borneras, terminales y fichas",15
"conectores, borneras, terminales y fichas",6
"conectores, borneras, terminales y fichas",0
"conectores, borneras, terminales y fichas",0
"conectores, borneras, terminales y fichas",0
"conectores, borneras, terminales y fichas",50
"conectores, borneras, terminales y fichas",30
"conectores, borneras, terminales y fichas",4
"conectores, borneras, terminales y fichas",37
"conectores, borneras, terminales y fichas",10
"conectores, borneras, terminales y fichas",10
"conectores, borneras, terminales y fichas",5
"conectores, borneras, terminales y fichas",0
"conectores, borneras, terminales y fichas",25
"conectores, borneras, terminales y fichas",20
"conectores, borneras, terminales y fichas",10
"conectores, borneras, terminales y fichas",13
elementos disipadores y aisladores,20
elementos disipadores y aisladores,50
elementos disipadores y aisladores,20
fusibles y portafusibles,30
fusibles y portafusibles,150
fusibles y portafusibles,50
fusibles y portafusibles,15
fusibles y portafusibles,18
fusibles y portafusibles,5
fusibles y portafusibles,50
fusibles y portafusibles,1
fusibles y portafusibles,30
fusibles y portafusibles,25
fusibles y portafusibles,50
fusibles y portafusibles,1
fusibles y portafusibles,70
fusibles y portafusibles,3
fusibles y portafusibles,3
fusibles y portafusibles,5
elementos de montaje,2
motores y servomecanismos,12
motores y servomecanismos,18
cables varios,10
cables varios,10
cables varios,10
cables varios,1
cables varios,1
cables varios,1
cables varios,1
cables varios,1
informatica,6
informatica,0
informatica,0
informatica,4
informatica,4
electricidad/electronica,10
electricidad/electronica,4
electricidad/electronica,19
electricidad/electronica,24
electricidad/electronica,21
electricidad/electronica,4
electricidad/electronica,20
electricidad/electronica,1
electricidad/electronica,0
electricidad/electronica,4
electricidad/electronica,2
electricidad/electronica,5
electricidad/electronica,5
electricidad/electronica,9
ferreteria,6
ferreteria,1
ferreteria,1
ferreteria,0
ferreteria,0
ferreteria,3
ferreteria,2
ferreteria,6
ferreteria,4
ferreteria,6
ferreteria,2
ferreteria,10
ferreteria,2
ferreteria,5
ferreteria,2
ferreteria,3
ferreteria,3
ferreteria,6
ferreteria,1
ferreteria,1
ferreteria,1
ferreteria,1
ferreteria,10
ferreteria,14
ferreteria,1
ferreteria,1
ferreteria,"0,5"
ferreteria,3
ferreteria,3
ferreteria,2
ferreteria,8
ferreteria,1
ferreteria,2
ferreteria,1
ferreteria,1
libreria,2
libreria,1
libreria,2
libreria,4
libreria,0
libreria,2
libreria,6
libreria,"0,2"
libreria,1
libreria,2
libreria,1
libreria,1
libreria,0
libreria,0
libreria,1
libreria,3
libreria,1
libreria,3
impresión 3d,3
drogueria - quimica,2
drogueria - quimica,0
drogueria - quimica,1
proceso fabricacion circuitos impresos,9
proceso fabricacion circuitos impresos,2
proceso fabricacion circuitos impresos,7
proceso fabricacion circuitos impresos,1
proceso fabricacion circuitos impresos,1
proceso fabricacion circuitos impresos,3
proceso fabricacion circuitos impresos,1
proceso fabricacion circuitos impresos,1
proceso fabricacion circuitos impresos,1
proceso fabricacion circuitos impresos,1
kits arduino,3
kits arduino,5
kits arduino,7
kits arduino,7
kits arduino,11
kits arduino,3
kits arduino,3
kits arduino,1
kits arduino,18
kits arduino,3
kits arduino,10
kits arduino,2
kits arduino,2
kits arduino,4
kits arduino,3
kits arduino,5
kits arduino,1
kits arduino,14
kits arduino,2
kits arduino,2
kits arduino,2
kits arduino,6
kits arduino,3
kits arduino,2
kits arduino,2
kits arduino,6
kits arduino,5
kits arduino,2
kits arduino,1
kits arduino,2
kits arduino,1
kits arduino,1
kits arduino,1
kits arduino,3
kits arduino,1
kits arduino,1
cables,13
cables,6
potenciómetros,1
potenciómetros,1
potenciómetros,1
potenciómetros,12
potenciómetros,11
potenciómetros,1
potenciómetros,1
potenciómetros,1
varios,3
varios,3
varios,1
varios,1
varios,10
varios,1
varios,1
varios,12
varios,2
varios,1
varios,1
varios,1
varios,11
varios,10
varios,11
varios,1
varios,1
varios,1
varios,2
varios,1
varios,1
diodos,8
diodos,8
diodos,10
diodos,11
diodos,1
resistencias maletines componentes,1
resistencias maletines componentes,2
resistencias maletines componentes,2
resistencias maletines componentes,2
resistencias maletines componentes,12
resistencias maletines componentes,11
resistencias maletines componentes,12
resistencias maletines componentes,2
resistencias maletines componentes,1
resistencias maletines componentes,2
resistencias maletines componentes,1
resistencias maletines componentes,1
resistencias maletines componentes,1
resistencias maletines componentes,1
resistencias maletines componentes,1
resistencias maletines componentes,1
resistencias maletines componentes,4
resistencias maletines componentes,1
resistencias maletines componentes,2
resistencias maletines componentes,2
resistencias maletines componentes,1
resistencias maletines componentes,1
resistencias maletines componentes,1
resistencias maletines componentes,4
resistencias maletines componentes,1
resistencias maletines componentes,1
resistencias maletines componentes,1
resistencias maletines componentes,2
capacitores electrolíticos,2
capacitores electrolíticos,1
capacitores electrolíticos,2
capacitores electrolíticos,2
capacitores electrolíticos,2
capacitores electrolíticos,2
capacitores electrolíticos,11
capacitores varios,2
capacitores varios,12
capacitores varios,1
capacitores varios,9
capacitores varios,1
capacitores varios,1
capacitores varios,1
capacitores varios,1
capacitores varios,2
capacitores varios,14
capacitores varios,1
capacitores varios,1
capacitores varios,1
capacitores varios,9
maletines,8
maletines,9
maletines,10
maletines,8
maletines,11
maletines,9
maletines,9
maletines,10
maletines,10
maletines,10
maletines,9
maletines,8
repuestos,3
repuestos,3
repuestos,0
repuestos,8
repuestos,10
repuestos,3
repuestos,3
repuestos,5
repuestos,10
repuestos,23
repuestos,5
repuestos,5
repuestos,0
repuestos,24
repuestos,5
repuestos,39
repuestos,38
repuestos,5
repuestos,11
repuestos,11
repuestos,12
repuestos,12
repuestos,12
repuestos,5
repuestos,20
repuestos,3
repuestos,20
repuestos,2
repuestos,4
repuestos,15
repuestos,25
repuestos,20
repuestos,25
repuestos,10
repuestos,9
repuestos,10
repuestos,25
repuestos,7
repuestos,6
repuestos,9
equipos,13
equipos,2
equipos,2
equipos,38
equipos,4
equipos,3
equipos,1
equipos,1
equipos,1
equipos,1
equipos,13
equipos,12
equipos,1
equipos,1
equipos,1
equipos,1
equipos,1
equipos,1
equipos,1
equipos,1
equipos,1
equipos,1
equipos,1
equipos,1
equipos,1
equipos,1
equipos,1
equipos,1
equipos,1
equipos,1
equipos,1
equipos,1
equipos,8
equipos,1
equipos,1
equipos,1
equipos,1
equipos,1
equipos,1
equipos,1
equipos,1
equipos,1
equipos,4
equipos,1
equipos,1
equipos,1
equipos,1
equipos,1
equipos,1
equipos,3
equipos,1
equipos,34
equipos,1
equipos,1
equipos,1
equipos,1
equipos,2
equipos,1
lockers,2
lockers,12
lockers,1
lockers,4
lockers,7
lockers,24
lockers,23
lockers,12
lockers,12
lockers,12
armario,5
armario,15
armario,8
armario,4
armario,8
armario,4
armario,20
armario,10
armario,1
armario,4
armario,4
armario,4
armario,4
armario,4
armario,4
armario,12
armario,4
armario,2
armario,4
armario,2
armario,8
armario,1
armario,1
armario,7
armario,3
armario,10
armario,0
armario,1
armario,5
armario,1
armario,2
armario,2
armario,1
armario,2
armario,2
armario,1
armario,1
armario,0
armario,1
armario,1
armario,2
armario,4
armario,1
armario,1
armario,1
armario,1
armario,1
armario,15
armario,1
armario,5
armario,5
armario,5
armario,4
armario,5
armario,5
armario,3
armario,5
armario,5